ligand,receptor,pathway,signaling_type
PTGR1,LTB4R,nan,Secreted Signaling
PTGR1,LTB4R2,nan,Secreted Signaling
CYP11A1,NR1H4,nan,Secreted Signaling
CYP3A4,NR1H4,nan,Secreted Signaling
DAGLA,CNR1,nan,Secreted Signaling
DAGLA,CNR2,nan,Secreted Signaling
DAGLA,GPR55,nan,Secreted Signaling
DAGLB,CNR1,nan,Secreted Signaling
DAGLB,CNR2,nan,Secreted Signaling
DAGLB,GPR55,nan,Secreted Signaling
ALOX5_LTC4S_ALOX5AP,OXER1,nan,Secreted Signaling
WNT11,KLRG2,nan,Secreted Signaling
TNFSF9,KLRG2,nan,Secreted Signaling
WNT5B,KLRG2,nan,Secreted Signaling
DDC,HTR3E,nan,Secreted Signaling
COL6A6,ITGB1_ITGA10,nan,Secreted Signaling
COL6A6,ITGB1_ITGA11,nan,Secreted Signaling
COL6A6,ITGB1_ITGA1,nan,Secreted Signaling
COL6A6,ITGB1_ITGA2,nan,Secreted Signaling
COL6A5,ITGB1_ITGA10,nan,Secreted Signaling
COL6A5,ITGB1_ITGA11,nan,Secreted Signaling
COL6A5,ITGB1_ITGA1,nan,Secreted Signaling
COL6A5,ITGB1_ITGA2,nan,Secreted Signaling
BMP10,ACVRL1_ACVR2A,nan,Secreted Signaling
GDF2,ACVRL1_ACVR2A,nan,Secreted Signaling
BMP10,ACVRL1_BMPR2,nan,Secreted Signaling
GDF2,ACVRL1_BMPR2,nan,Secreted Signaling
BMP7,ACVR1_BMPR2,nan,Secreted Signaling
BMP5,ACVR1_BMPR2,nan,Secreted Signaling
BMP6,ACVR1_BMPR2,nan,Secreted Signaling
BMP8A,ACVR1_BMPR2,nan,Secreted Signaling
INHBA_INHBB,ACVR1_ACVR2A,nan,Secreted Signaling
INHBA_INHA,ACVR1_ACVR2A,nan,Secreted Signaling
INHBB_INHA,ACVR1_ACVR2A,nan,Secreted Signaling
INHA,ACVR1_ACVR2A,nan,Secreted Signaling
BMP7,ACVR1_ACVR2A,nan,Secreted Signaling
BMP5,ACVR1_ACVR2A,nan,Secreted Signaling
BMP6,ACVR1_ACVR2A,nan,Secreted Signaling
BMP8A,ACVR1_ACVR2A,nan,Secreted Signaling
INHBA_INHBB,ACVR1_ACVR2B,nan,Secreted Signaling
INHBA_INHA,ACVR1_ACVR2B,nan,Secreted Signaling
INHBB_INHA,ACVR1_ACVR2B,nan,Secreted Signaling
INHA,ACVR1_ACVR2B,nan,Secreted Signaling
BMP7,ACVR1_ACVR2B,nan,Secreted Signaling
BMP5,ACVR1_ACVR2B,nan,Secreted Signaling
BMP6,ACVR1_ACVR2B,nan,Secreted Signaling
BMP8A,ACVR1_ACVR2B,nan,Secreted Signaling
INHBA_INHBB,ACVR1B_ACVR2A,nan,Secreted Signaling
INHBA_INHA,ACVR1B_ACVR2A,nan,Secreted Signaling
INHBB_INHA,ACVR1B_ACVR2A,nan,Secreted Signaling
GDF11,ACVR1B_ACVR2A,nan,Secreted Signaling
INHA,ACVR1B_ACVR2A,nan,Secreted Signaling
INHBA_INHBB,ACVR1B_ACVR2B,nan,Secreted Signaling
INHBA_INHA,ACVR1B_ACVR2B,nan,Secreted Signaling
INHBB_INHA,ACVR1B_ACVR2B,nan,Secreted Signaling
MSTN,ACVR1B_ACVR2B,nan,Secreted Signaling
GDF11,ACVR1B_ACVR2B,nan,Secreted Signaling
INHA,ACVR1B_ACVR2B,nan,Secreted Signaling
GDF1,ACVR1B_ACVR2B,nan,Secreted Signaling
GDF10,ACVR1B_ACVR2B,nan,Secreted Signaling
GDF3,ACVR1B_ACVR2B,nan,Secreted Signaling
INHBA_INHBB,ACVR1C_ACVR2A,nan,Secreted Signaling
INHBA_INHA,ACVR1C_ACVR2A,nan,Secreted Signaling
INHBB_INHA,ACVR1C_ACVR2A,nan,Secreted Signaling
INHA,ACVR1C_ACVR2A,nan,Secreted Signaling
INHBA_INHBB,ACVR1C_ACVR2B,nan,Secreted Signaling
INHBA_INHA,ACVR1C_ACVR2B,nan,Secreted Signaling
INHBB_INHA,ACVR1C_ACVR2B,nan,Secreted Signaling
INHA,ACVR1C_ACVR2B,nan,Secreted Signaling
ADIPOQ,ADIPOR1_ADIPOR2,nan,Secreted Signaling
IAPP,CALCR_RAMP1,nan,Secreted Signaling
IAPP,CALCR_RAMP2,nan,Secreted Signaling
IAPP,CALCR_RAMP3,nan,Secreted Signaling
CHAT,CHRNA2_CHRNB3,nan,Secreted Signaling
CHAT,CHRNA3_CHRNB2_CHRNA5,nan,Secreted Signaling
CHAT,CHRNA3_CHRNB4_CHRNA5,nan,Secreted Signaling
CHAT,CHRNA4_CHRNB2,nan,Secreted Signaling
CHAT,CHRNA6_CHRNA4_CHRNB3,nan,Secreted Signaling
CHAT,CHRNA6_CHRNB3_CHRNB4,nan,Secreted Signaling
CHAT,CHRNA1,nan,Secreted Signaling
CHAT,CHRM2,nan,Secreted Signaling
CHAT,CHRM4,nan,Secreted Signaling
CHAT,CHRM5,nan,Secreted Signaling
CHAT,CHRM1,nan,Secreted Signaling
CHAT,CHRM3,nan,Secreted Signaling
CHAT,CHRNA7,nan,Secreted Signaling
CYP11B2,NR3C1,nan,Secreted Signaling
CYP11B2,NR3C2,nan,Secreted Signaling
CYP17A1,AR,nan,Secreted Signaling
HSD17B6,NR1H4,nan,Secreted Signaling
LGALS9,BCR_PTPRC_CD22,nan,Secreted Signaling
GDF2_BMP15,BMPR1B_BMPR2_ACVR1B,nan,Secreted Signaling
BMP2,BMPR1A_BMPR2,nan,Secreted Signaling
BMP4,BMPR1A_BMPR2,nan,Secreted Signaling
BMP7,BMPR1A_BMPR2,nan,Secreted Signaling
BMP5,BMPR1A_BMPR2,nan,Secreted Signaling
BMP6,BMPR1A_BMPR2,nan,Secreted Signaling
GDF6,BMPR1A_BMPR2,nan,Secreted Signaling
GDF7,BMPR1A_BMPR2,nan,Secreted Signaling
BMP8A,BMPR1A_BMPR2,nan,Secreted Signaling
BMP15,BMPR1B_BMPR2,nan,Secreted Signaling
BMP2,BMPR1B_BMPR2,nan,Secreted Signaling
BMP4,BMPR1B_BMPR2,nan,Secreted Signaling
BMP7,BMPR1B_BMPR2,nan,Secreted Signaling
BMP5,BMPR1B_BMPR2,nan,Secreted Signaling
BMP6,BMPR1B_BMPR2,nan,Secreted Signaling
BMPR1B_BMPR2,BMPR1A,nan,Cell-Cell Contact
GDF5,BMPR1B_BMPR2,nan,Secreted Signaling
GDF6,BMPR1B_BMPR2,nan,Secreted Signaling
GDF7,BMPR1B_BMPR2,nan,Secreted Signaling
BMP8A,BMPR1B_BMPR2,nan,Secreted Signaling
BMP2,BMPR1A_ACVR2A,nan,Secreted Signaling
BMP4,BMPR1A_ACVR2A,nan,Secreted Signaling
BMP7,BMPR1A_ACVR2A,nan,Secreted Signaling
BMP5,BMPR1A_ACVR2A,nan,Secreted Signaling
BMP6,BMPR1A_ACVR2A,nan,Secreted Signaling
GDF5,BMPR1A_ACVR2A,nan,Secreted Signaling
GDF6,BMPR1A_ACVR2A,nan,Secreted Signaling
GDF7,BMPR1A_ACVR2A,nan,Secreted Signaling
BMP8A,BMPR1A_ACVR2A,nan,Secreted Signaling
BMP2,BMPR1A_ACVR2B,nan,Secreted Signaling
BMP4,BMPR1A_ACVR2B,nan,Secreted Signaling
BMP7,BMPR1A_ACVR2B,nan,Secreted Signaling
BMP5,BMPR1A_ACVR2B,nan,Secreted Signaling
BMP6,BMPR1A_ACVR2B,nan,Secreted Signaling
GDF5,BMPR1A_ACVR2B,nan,Secreted Signaling
GDF7,BMPR1A_ACVR2B,nan,Secreted Signaling
BMP8A,BMPR1A_ACVR2B,nan,Secreted Signaling
BMP2,BMPR1B_ACVR2A,nan,Secreted Signaling
BMP4,BMPR1B_ACVR2A,nan,Secreted Signaling
BMP7,BMPR1B_ACVR2A,nan,Secreted Signaling
BMP5,BMPR1B_ACVR2A,nan,Secreted Signaling
BMP6,BMPR1B_ACVR2A,nan,Secreted Signaling
GDF5,BMPR1B_ACVR2A,nan,Secreted Signaling
GDF6,BMPR1B_ACVR2A,nan,Secreted Signaling
GDF7,BMPR1B_ACVR2A,nan,Secreted Signaling
BMP8A,BMPR1B_ACVR2A,nan,Secreted Signaling
BMP2,BMPR1B_ACVR2B,nan,Secreted Signaling
BMP4,BMPR1B_ACVR2B,nan,Secreted Signaling
BMP7,BMPR1B_ACVR2B,nan,Secreted Signaling
BMP5,BMPR1B_ACVR2B,nan,Secreted Signaling
BMP6,BMPR1B_ACVR2B,nan,Secreted Signaling
GDF5,BMPR1B_ACVR2B,nan,Secreted Signaling
GDF6,BMPR1B_ACVR2B,nan,Secreted Signaling
GDF7,BMPR1B_ACVR2B,nan,Secreted Signaling
BMP8A,BMPR1B_ACVR2B,nan,Secreted Signaling
CCL3L1,CCR1,nan,Secreted Signaling
CCL3L1,CCR3,nan,Secreted Signaling
CD8A_CD8B,LCK,nan,Cell-Cell Contact
KLRD1_KLRC1,HLA-E,nan,Cell-Cell Contact
KLRD1_KLRC2,HLA-E,nan,Cell-Cell Contact
KLRD1_KLRC3,HLA-E,nan,Cell-Cell Contact
CNTF,CNTFR_LIFR_IL6ST,nan,Secreted Signaling
CLCF1,CNTFR_LIFR_IL6ST,nan,Secreted Signaling
APOA1,AMN_CUBN,nan,Secreted Signaling
CYP27B1,VDR,nan,Secreted Signaling
HSD3B1,CATSPER1_CATSPERB,nan,Secreted Signaling
HSD3B1,CATSPER1_CATSPERD,nan,Secreted Signaling
HSD3B1,CATSPER2_CATSPERB,nan,Secreted Signaling
HSD3B1,CATSPER2_CATSPERD,nan,Secreted Signaling
HSD3B1,CATSPER3_CATSPERB,nan,Secreted Signaling
HSD3B1,CATSPER3_CATSPERD,nan,Secreted Signaling
HSD3B1,CATSPER4_CATSPERB,nan,Secreted Signaling
HSD3B1,CATSPER4_CATSPERD,nan,Secreted Signaling
CEL,RORA,nan,Secreted Signaling
CEL,RORC,nan,Secreted Signaling
DHCR24,RORA,nan,Secreted Signaling
DHCR24,RORC,nan,Secreted Signaling
DHCR7,RORA,nan,Secreted Signaling
DHCR7,RORC,nan,Secreted Signaling
LIPA,RORA,nan,Secreted Signaling
LIPA,RORC,nan,Secreted Signaling
CYP11B1,NR3C1,nan,Secreted Signaling
CYP11B1,NR3C2,nan,Secreted Signaling
KLRF2,CLEC2A,nan,Cell-Cell Contact
SULT1E1,PPARG,nan,Secreted Signaling
SULT1E1,PPARA,nan,Secreted Signaling
SULT2A1,PPARG,nan,Secreted Signaling
SULT2A1,PPARA,nan,Secreted Signaling
SULT1A1,PPARG,nan,Secreted Signaling
SULT1A1,PPARA,nan,Secreted Signaling
UBASH3B,NR1I2,nan,Secreted Signaling
UBASH3B,ESR1,nan,Secreted Signaling
UBASH3B,PPARA,nan,Secreted Signaling
DHCR7,NR1H2,nan,Secreted Signaling
DHCR7,NR1H3,nan,Secreted Signaling
CYP21A2,NR3C2,nan,Secreted Signaling
SRD5A1,AR,nan,Secreted Signaling
SRD5A2,AR,nan,Secreted Signaling
SRD5A3,AR,nan,Secreted Signaling
PNMT,ADRB2,nan,Secreted Signaling
PNMT,ADRB1,nan,Secreted Signaling
PNMT,ADRA2A,nan,Secreted Signaling
PNMT,ADRB3,nan,Secreted Signaling
PNMT,ADRA2B,nan,Secreted Signaling
PNMT,ADRA2C,nan,Secreted Signaling
PNMT,ADRA1D,nan,Secreted Signaling
PNMT,ADRA1A,nan,Secreted Signaling
PNMT,ADRA1B,nan,Secreted Signaling
CYP19A1,NR1I2,nan,Secreted Signaling
CYP19A1,ESR1,nan,Secreted Signaling
CYP19A1,ESR2,nan,Secreted Signaling
CYP19A1,GPER1,nan,Secreted Signaling
HSD17B1,NR1I2,nan,Secreted Signaling
HSD17B1,ESR1,nan,Secreted Signaling
HSD17B1,ESR2,nan,Secreted Signaling
HSD17B1,GPER1,nan,Secreted Signaling
WNT1,RYK_FZD8,nan,Secreted Signaling
WNT5A,RYK_FZD8,nan,Secreted Signaling
WNT3,RYK_FZD8,nan,Secreted Signaling
WNT3A,RYK_FZD8,nan,Secreted Signaling
VEGFA,FLT1_KDR,nan,Secreted Signaling
PGF,FLT1_KDR,nan,Secreted Signaling
VEGFB,FLT1_KDR,nan,Secreted Signaling
ALB,B2M_FCGRT,nan,Secreted Signaling
CGA_FSHB,FSHR,nan,Secreted Signaling
GAL,GALR1_GPR151,nan,Secreted Signaling
GALP,GALR1_GPR151,nan,Secreted Signaling
GAL,GALR2_GPR151,nan,Secreted Signaling
SPX,GALR2_GPR151,nan,Secreted Signaling
GALP,GALR2_GPR151,nan,Secreted Signaling
GAL,GALR3_GPR151,nan,Secreted Signaling
SPX,GALR3_GPR151,nan,Secreted Signaling
GALP,GALR3_GPR151,nan,Secreted Signaling
CSF2,CSF2RB_CSF2RA,nan,Secreted Signaling
F2,GP1BA_GP1BB,nan,Secreted Signaling
VWF,GP1BA_GP1BB,nan,Secreted Signaling
HLA-A,KIR3DL1,nan,Cell-Cell Contact
HLA-B,KIR3DL2,nan,Cell-Cell Contact
HLA-C,KIR2DL1,nan,Cell-Cell Contact
HLA-C,KIR2DL3,nan,Cell-Cell Contact
FAM3C,HLA-C,nan,Secreted Signaling
GAL,HLA-DPA1,nan,Secreted Signaling
TNFSF9,HLA-DPA1,nan,Secreted Signaling
NRG1,HLA-DPB1,nan,Secreted Signaling
TNFSF13B,HLA-DPB1,nan,Secreted Signaling
PRL,HLA-DQB2,nan,Secreted Signaling
OGN,HLA-DRB1,nan,Secreted Signaling
HDC,HRH2,nan,Secreted Signaling
HDC,HRH1,nan,Secreted Signaling
HDC,HRH4,nan,Secreted Signaling
HDC,HRH3,nan,Secreted Signaling
IFNA1,CR2,nan,Secreted Signaling
IFNA1,IFNAR1_IFNAR2,nan,Secreted Signaling
IGF1,IGF1R_GPC3,nan,Secreted Signaling
IL10,IL10RA_IL10RB,nan,Secreted Signaling
IL11,IL11RA_IL6ST,nan,Secreted Signaling
IL12A_IL12B,IL12RB1_IL12RB2,nan,Secreted Signaling
IL4,IL13RA1_IL4R,nan,Secreted Signaling
IL13,IL13RA1_IL4R,nan,Secreted Signaling
IL15,IL15RA_IL2RB,nan,Secreted Signaling
IL17A_IL17F,IL17RA_IL17RC,nan,Secreted Signaling
IL25,IL17RA_IL17RB,nan,Secreted Signaling
IL17F,IL17RA_IL17RC,nan,Secreted Signaling
IL17C,IL17RA_IL17RE,nan,Secreted Signaling
IL18,IL18R1_IL18RAP,nan,Secreted Signaling
IL1A,IL1R1_IL1RAP,nan,Secreted Signaling
IL1B,IL1R1_IL1RAP,nan,Secreted Signaling
IL1RN,IL1R1_IL1RAP,nan,Secreted Signaling
IL1A,IL1R2_IL1RAP,nan,Secreted Signaling
IL1B,IL1R2_IL1RAP,nan,Secreted Signaling
IL1RN,IL1R2_IL1RAP,nan,Secreted Signaling
IL24,IL20RA_IL20RB,nan,Secreted Signaling
IL20,IL20RA_IL20RB,nan,Secreted Signaling
IL19,IL20RA_IL20RB,nan,Secreted Signaling
IL24,IL22RA1_IL20RB,nan,Secreted Signaling
IL20,IL22RA1_IL20RB,nan,Secreted Signaling
IL21,IL21R_IL2RG,nan,Secreted Signaling
IL22,IL22RA1_IL10RB,nan,Secreted Signaling
IL12B_IL23A,IL12RB1_IL23R,nan,Secreted Signaling
IL26,IL20RA_IL10RB,nan,Secreted Signaling
EBI3_IL27,IL27RA_IL6ST,nan,Secreted Signaling
IFNL3,IFNLR1_IL10RB,nan,Secreted Signaling
IL2,IL2RA_IL2RB_IL2RG,nan,Secreted Signaling
IL2,IL2RB_IL2RG,nan,Secreted Signaling
IL33,IL1RL1_IL1RAP,nan,Secreted Signaling
EBI3_IL12A,IL6ST_IL12RB2,nan,Secreted Signaling
IL1F10,IL1RL2_IL1RAP,nan,Secreted Signaling
IL36B,IL1RL2_IL1RAP,nan,Secreted Signaling
IL36G,IL1RL2_IL1RAP,nan,Secreted Signaling
IL36RN,IL1RL2_IL1RAP,nan,Secreted Signaling
IL36A,IL1RL2_IL1RAP,nan,Secreted Signaling
IL37,IL18R1_SIGIRR,nan,Secreted Signaling
IL3,CSF2RB_IL3RA,nan,Secreted Signaling
IL4,IL2RG_IL4R,nan,Secreted Signaling
IL5,CSF2RB_IL5RA,nan,Secreted Signaling
IL6,IL6R_IL6ST,nan,Secreted Signaling
IL7,IL7R_IL2RG,nan,Secreted Signaling
IL9,IL9R_IL2RG,nan,Secreted Signaling
OSM,LIFR_IL6ST,nan,Secreted Signaling
LIF,LIFR_IL6ST,nan,Secreted Signaling
AGRN,MUSK_LRP4,nan,Secreted Signaling
TYR,GPR143,nan,Secreted Signaling
LTA4H,GPR17,nan,Secreted Signaling
LTA4H,LTB4R,nan,Secreted Signaling
LTA4H,LTB4R2,nan,Secreted Signaling
ALOX5AP_ALOX5_LTC4S,GPR17,nan,Secreted Signaling
ALOX5AP_ALOX5_LTC4S,CYSLTR2,nan,Secreted Signaling
ALOX5AP_ALOX5_LTC4S,CYSLTR1,nan,Secreted Signaling
GGT1_GGT5,GPR17,nan,Secreted Signaling
GGT1_GGT5,CYSLTR2,nan,Secreted Signaling
GGT1_GGT5,CYSLTR1,nan,Secreted Signaling
DPEP1,CYSLTR1,nan,Secreted Signaling
DPEP2,CYSLTR1,nan,Secreted Signaling
DPEP3,CYSLTR1,nan,Secreted Signaling
ALOX12,FPR2,nan,Secreted Signaling
ALOX12,CYSLTR1,nan,Secreted Signaling
ALOX5_ALOX5AP_LTC4S,FPR2,nan,Secreted Signaling
ALOX5_ALOX5AP_LTC4S,CYSLTR1,nan,Secreted Signaling
ERVH48-1,SLC1A5,nan,Secreted Signaling
AMH,AMHR2_BMPR1A,nan,Secreted Signaling
AMH,AMHR2_BMPR1B,nan,Secreted Signaling
AMH,AMHR2_ACVR1,nan,Secreted Signaling
ASMT,MTNR1A,nan,Secreted Signaling
ASMT,MTNR1B,nan,Secreted Signaling
KLRK1_HCST,MICB,nan,Cell-Cell Contact
KLRK1_HCST,MICA,nan,Cell-Cell Contact
KLRK1_HCST,RAET1L,nan,Cell-Cell Contact
RAET1G,KLRK1_HCST,nan,Secreted Signaling
RAET1E,KLRK1_HCST,nan,Secreted Signaling
KLRK1_HCST,ULBP3,nan,Cell-Cell Contact
ULBP2,KLRK1_HCST,nan,Secreted Signaling
KLRK1_HCST,ULBP1,nan,Cell-Cell Contact
NODAL,ACVR1B_ACVR2A_CFC1,nan,Secreted Signaling
NODAL,ACVR1B_ACVR2A_TDGF1,nan,Secreted Signaling
NODAL,ACVR1B_ACVR2B_CFC1,nan,Secreted Signaling
NODAL,ACVR1B_ACVR2B_TDGF1,nan,Secreted Signaling
NODAL,ACVR1C_ACVR2B_CFC1,nan,Secreted Signaling
NODAL,ACVR1C_ACVR2B_TDGF1,nan,Secreted Signaling
DBH,ADRB2,nan,Secreted Signaling
DBH,ADRB1,nan,Secreted Signaling
DBH,ADRA2A,nan,Secreted Signaling
DBH,ADRB3,nan,Secreted Signaling
DBH,ADRA2B,nan,Secreted Signaling
DBH,ADRA2C,nan,Secreted Signaling
DBH,ADRA1D,nan,Secreted Signaling
DBH,ADRA1A,nan,Secreted Signaling
DBH,ADRA1B,nan,Secreted Signaling
RETN,GPR25,nan,Secreted Signaling
CCL24,CCR2,nan,Secreted Signaling
CCL24,CCR3,nan,Secreted Signaling
LGALS9,MET,nan,Secreted Signaling
LGALS9,CD44,nan,Secreted Signaling
LGALS9,LRP1,nan,Secreted Signaling
LGALS9,CD47,nan,Secreted Signaling
LGALS9,DAG1,nan,Secreted Signaling
LGALS9,PTPRK,nan,Secreted Signaling
LGALS9,SLC1A5,nan,Secreted Signaling
LGALS9,COLEC12,nan,Secreted Signaling
LGALS9,HAVCR2,nan,Secreted Signaling
LGALS9,SORL1,nan,Secreted Signaling
LGALS9,MRC2,nan,Secreted Signaling
TNFSF10,TNFRSF10A,nan,Secreted Signaling
CORT,SSTR1,nan,Secreted Signaling
CORT,SSTR2,nan,Secreted Signaling
CORT,SSTR4,nan,Secreted Signaling
CORT,SSTR3,nan,Secreted Signaling
CORT,SSTR5,nan,Secreted Signaling
CORT,GHSR,nan,Secreted Signaling
CORT,MRGPRX2,nan,Secreted Signaling
AGRP,MC4R,nan,Secreted Signaling
AGRP,MC5R,nan,Secreted Signaling
AGRP,MC3R,nan,Secreted Signaling
TULP1,TYRO3,nan,Secreted Signaling
TNFRSF11B,TNFSF11,nan,Secreted Signaling
CCL19,CCRL2,nan,Secreted Signaling
RARRES2,CCRL2,nan,Secreted Signaling
AGRN,NCAM1,nan,Secreted Signaling
AGRN,PTPRS,nan,Secreted Signaling
DLL1,NOTCH1,nan,Cell-Cell Contact
DLL1,NOTCH2,nan,Cell-Cell Contact
DLL1,NOTCH4,nan,Cell-Cell Contact
DLL1,NOTCH3,nan,Cell-Cell Contact
CXCL16,CXCR6,nan,Secreted Signaling
RNASET2,TLR8,nan,Secreted Signaling
CCL21,CCR7,nan,Secreted Signaling
CCL21,ACKR4,nan,Secreted Signaling
CCL3,ACKR2,nan,Secreted Signaling
CCL4,ACKR2,nan,Secreted Signaling
CCL2,ACKR2,nan,Secreted Signaling
CCL5,ACKR2,nan,Secreted Signaling
CCL3L1,ACKR2,nan,Secreted Signaling
CCL11,ACKR2,nan,Secreted Signaling
CCL8,ACKR2,nan,Secreted Signaling
CCL7,ACKR2,nan,Secreted Signaling
CCL14,ACKR2,nan,Secreted Signaling
CCL13,ACKR2,nan,Secreted Signaling
CCL28,ACKR2,nan,Secreted Signaling
CCL27,ACKR2,nan,Secreted Signaling
PODXL,SELL,nan,Cell-Cell Contact
CCL22,DPP4,nan,Secreted Signaling
CCL22,CCR4,nan,Secreted Signaling
WNT7A,LDLR,nan,Secreted Signaling
NRG2,ERBB3,nan,Secreted Signaling
NRG2,ERBB4,nan,Secreted Signaling
CXCL11,ACKR3,nan,Secreted Signaling
CXCL11,DPP4,nan,Secreted Signaling
CXCL11,CXCR3,nan,Secreted Signaling
FASLG,TNFRSF10B,nan,Secreted Signaling
TNFSF10,TNFRSF10B,nan,Secreted Signaling
VEGFA,NRP1,nan,Secreted Signaling
PGF,NRP1,nan,Secreted Signaling
VEGFB,NRP1,nan,Secreted Signaling
SEMA3A,NRP1,nan,Secreted Signaling
TNFSF11,TNFRSF11A,nan,Secreted Signaling
MSTN,TGFBR1_ACVR2A,nan,Secreted Signaling
MSTN,TGFBR1_ACVR2B,nan,Secreted Signaling
TNFSF10,TNFRSF10C,nan,Secreted Signaling
TNFSF13,TNFRSF13B,nan,Secreted Signaling
CD70,TNFRSF13B,nan,Secreted Signaling
TNFSF13B,TNFRSF13B,nan,Secreted Signaling
NCR3,NCR3LG1,nan,Cell-Cell Contact
EREG,EGFR,nan,Secreted Signaling
EREG,ERBB4,nan,Secreted Signaling
PTN,PLXNB2,nan,Secreted Signaling
PLXNB2,SEMA4D,nan,Cell-Cell Contact
PLXNB2,SEMA4C,nan,Cell-Cell Contact
PLXNB2,SEMA4G,nan,Cell-Cell Contact
SEMA3E,PLXND1,nan,Secreted Signaling
ANGPT2,TEK,nan,Secreted Signaling
CCL4L2,PGRMC2,nan,Secreted Signaling
EPHB6,EFNB2,nan,Secreted Signaling
EPHB6,EFNB1,nan,Cell-Cell Contact
EPHB6,EFNB3,nan,Secreted Signaling
VGF,NTRK1,nan,Secreted Signaling
PSAP,GPR37,nan,Secreted Signaling
FAM19A5,GPR37,nan,Secreted Signaling
IL16,GRIN2D,nan,Secreted Signaling
CCL25,CCR9,nan,Secreted Signaling
CCL25,ACKR4,nan,Secreted Signaling
CCL16,CCR1,nan,Secreted Signaling
CCL16,CCR2,nan,Secreted Signaling
CCL16,CCR8,nan,Secreted Signaling
CCL16,HRH4,nan,Secreted Signaling
FGF10,FGFR2,nan,Secreted Signaling
ADIPOQ,GPR42,nan,Secreted Signaling
CCL4L2,GPR42,nan,Secreted Signaling
FAM3C,GPR42,nan,Secreted Signaling
BMP10,FFAR2,nan,Secreted Signaling
TNF,FFAR2,nan,Secreted Signaling
CCL4L2,FFAR2,nan,Secreted Signaling
FAM3C,FFAR2,nan,Secreted Signaling
PLXNB1,SEMA4D,nan,Secreted Signaling
MLN,MLNR,nan,Secreted Signaling
GHRL,MLNR,nan,Secreted Signaling
DHH,PTCH1_BOC,nan,Secreted Signaling
DHH,PTCH1_CDON,nan,Secreted Signaling
DHH,PTCH1_GAS1,nan,Secreted Signaling
TNFSF12,TNFRSF25,nan,Secreted Signaling
TNFSF12,TNFRSF12A,nan,Secreted Signaling
GNRH2,GNRHR,nan,Secreted Signaling
GNRH2,GNRHR2,nan,Secreted Signaling
TNFSF14,LTBR,nan,Secreted Signaling
TNFSF14,TNFRSF14,nan,Secreted Signaling
HCRT,HCRTR1,nan,Secreted Signaling
HCRT,HCRTR2,nan,Secreted Signaling
TYROBP,CD44,nan,Cell-Cell Contact
VEGFD,FLT4,nan,Secreted Signaling
VEGFD,KDR,nan,Secreted Signaling
EFNA2,EPHA1,nan,Cell-Cell Contact
EFNA2,EPHA2,nan,Cell-Cell Contact
EFNA2,EPHA3,nan,Cell-Cell Contact
EFNA2,EPHA8,nan,Cell-Cell Contact
EFNA2,EPHA5,nan,Cell-Cell Contact
EFNA2,EPHA4,nan,Cell-Cell Contact
EFNA2,EPHA7,nan,Cell-Cell Contact
CXCL13,CXCR5,nan,Secreted Signaling
CXCL13,ACKR4,nan,Secreted Signaling
FGF17,FGFR2,nan,Secreted Signaling
FGF17,FGFR3,nan,Secreted Signaling
GDF9,TGFBR1_BMPR2,nan,Secreted Signaling
VEGFA,NRP2,nan,Secreted Signaling
PGF,NRP2,nan,Secreted Signaling
SEMA3F,NRP2,nan,Secreted Signaling
SEMA3C,NRP2,nan,Secreted Signaling
PLXNC1,SEMA7A,nan,Cell-Cell Contact
PSPN,RET_GFRA4,nan,Secreted Signaling
PSAP,GPR37L1,nan,Secreted Signaling
ADM,RAMP3,nan,Secreted Signaling
SLIT1,ROBO1,nan,Secreted Signaling
ICOSLG,ICOS,nan,Cell-Cell Contact
DKK 1.00,LRP5,nan,Secreted Signaling
SOSTDC1,LRP5,nan,Secreted Signaling
SEMA7A,ITGB1_ITGA1,nan,Cell-Cell Contact
CYP11A1_FDX2_FDX1_FDXR,NR1I2,nan,Secreted Signaling
RSPO4,LGR5,nan,Secreted Signaling
RSPO1,LGR5,nan,Secreted Signaling
RSPO2,LGR5,nan,Secreted Signaling
RSPO3,LGR5,nan,Secreted Signaling
TNFRSF21,APP,nan,Cell-Cell Contact
DKK 1.00,LRP6,nan,Secreted Signaling
SOSTDC1,LRP6,nan,Secreted Signaling
DKK 2.00,LRP6,nan,Secreted Signaling
REN,ATP6AP2,nan,Secreted Signaling
TNFSF13,TNFRSF1A,nan,Secreted Signaling
TNFSF13,FAS,nan,Secreted Signaling
TNFSF13,TNFRSF17,nan,Secreted Signaling
TNFSF13,TNFRSF14,nan,Secreted Signaling
FGF18,FGFR2,nan,Secreted Signaling
FGF18,FGFR3,nan,Secreted Signaling
SLIT2,ROBO2,nan,Secreted Signaling
SLIT2,ROBO1,nan,Secreted Signaling
NRG1,ADGRL1,nan,Secreted Signaling
FAM19A5,S1PR2,nan,Secreted Signaling
TNFSF15,TNFRSF25,nan,Secreted Signaling
NTN1,UNC5C,nan,Secreted Signaling
DDC,HTR3B,nan,Secreted Signaling
WISP3,SORL1,nan,Secreted Signaling
GDF11,ANTXR1,nan,Secreted Signaling
GDF11,TGFBR1_ACVR2A,nan,Secreted Signaling
GDF11,TGFBR1_ACVR2B,nan,Secreted Signaling
BMP10,KIR2DL3,nan,Secreted Signaling
BMP10,KIR3DL1,nan,Secreted Signaling
BMP10,KIR3DS1,nan,Secreted Signaling
BMP10,GPR152,nan,Secreted Signaling
BMP10,VSIR,nan,Secreted Signaling
UTS2,UTS2R,nan,Secreted Signaling
NTN1,DCC,nan,Secreted Signaling
NTN1,UNC5A,nan,Secreted Signaling
NTN1,UNC5B,nan,Secreted Signaling
CXCL14,CXCR4,nan,Secreted Signaling
CRTAM,CADM1,nan,Cell-Cell Contact
FGF19,NR1H4,nan,Secreted Signaling
CCL5,GPR75,nan,Secreted Signaling
CER1,MRC2,nan,Secreted Signaling
GCG,GLP2R,nan,Secreted Signaling
CD160,TNFRSF14,nan,Cell-Cell Contact
OSM,OSMR_IL6ST,nan,Secreted Signaling
EGF,EGFR,nan,Secreted Signaling
TGFA,EGFR,nan,Secreted Signaling
TGFB1,EGFR,nan,Secreted Signaling
MIF,EGFR,nan,Secreted Signaling
AREG,EGFR,nan,Secreted Signaling
CNTF,EGFR,nan,Secreted Signaling
GRN,EGFR,nan,Secreted Signaling
BTC,EGFR,nan,Secreted Signaling
COPA,EGFR,nan,Secreted Signaling
NRG1,EGFR,nan,Secreted Signaling
EPGN,EGFR,nan,Secreted Signaling
HBEGF,EGFR,nan,Secreted Signaling
F2,THBD,nan,Secreted Signaling
F2,ITGA2B_ITGB3,nan,Secreted Signaling
F2,ITGAV_ITGB3,nan,Secreted Signaling
F10,ITGB2_ITGAM,nan,Secreted Signaling
PLG,ITGA2B_ITGB3,nan,Secreted Signaling
PLAU,PLAUR,nan,Secreted Signaling
AGT,AGTR1,nan,Secreted Signaling
AGT,AGTR2,nan,Secreted Signaling
C3,C3AR1,nan,Secreted Signaling
C3,C5AR2,nan,Secreted Signaling
C3,ITGB2_ITGAM,nan,Secreted Signaling
C5,C5AR1,nan,Secreted Signaling
C5,C5AR2,nan,Secreted Signaling
TIMP1,FGFR2,nan,Secreted Signaling
KNG1,BDKRB2,nan,Secreted Signaling
KNG1,BDKRB1,nan,Secreted Signaling
KNG1,RXFP4,nan,Secreted Signaling
PDGFB,PDGFRB,nan,Secreted Signaling
PDGFB,PDGFRA,nan,Secreted Signaling
PDGFB,PDGFRA_PDGFRB,nan,Secreted Signaling
PDGFB,LRP1,nan,Secreted Signaling
PDGFB,ADGRV1,nan,Secreted Signaling
EGF,NRG1,nan,Secreted Signaling
TGFB1,AR,nan,Secreted Signaling
TGFB1,VDR,nan,Secreted Signaling
TGFB1,TGFBR3,nan,Secreted Signaling
TGFB1,TGFBR1_TGFBR2,nan,Secreted Signaling
TGFB1,TGFBR2_ACVR1,nan,Secreted Signaling
TGFB1,ITGAV_ITGB6,nan,Secreted Signaling
NGF,NTRK1,nan,Secreted Signaling
NGF,NGFR,nan,Secreted Signaling
NGF,SORT1,nan,Secreted Signaling
GNRH1,GNRHR,nan,Secreted Signaling
GNRH1,GNRHR2,nan,Secreted Signaling
NPPA,ESR1,nan,Secreted Signaling
NPPA,NPR 1.00,nan,Secreted Signaling
NPPA,NPR 3.00,nan,Secreted Signaling
NPPA,NPR 2.00,nan,Secreted Signaling
NPPA,RORB,nan,Secreted Signaling
OXT,OXTR,nan,Secreted Signaling
OXT,ESR2,nan,Secreted Signaling
AVP,AVPR2,nan,Secreted Signaling
AVP,OXTR,nan,Secreted Signaling
AVP,AVPR1A,nan,Secreted Signaling
AVP,AVPR1B,nan,Secreted Signaling
POMC,MC4R,nan,Secreted Signaling
POMC,MC5R,nan,Secreted Signaling
POMC,OPRM1,nan,Secreted Signaling
POMC,OPRD1,nan,Secreted Signaling
POMC,OPRK1,nan,Secreted Signaling
POMC,MC3R,nan,Secreted Signaling
POMC,MC2R,nan,Secreted Signaling
POMC,MC1R,nan,Secreted Signaling
PENK,OPRM1,nan,Secreted Signaling
PENK,OPRD1,nan,Secreted Signaling
PENK,OPRK1,nan,Secreted Signaling
PENK,MRGPRX1,nan,Secreted Signaling
PDYN,OPRM1,nan,Secreted Signaling
PDYN,OPRD1,nan,Secreted Signaling
PDYN,OPRK1,nan,Secreted Signaling
PRL,PRLR,nan,Secreted Signaling
GH1,GHR,nan,Secreted Signaling
GH1,PRLR,nan,Secreted Signaling
GH2,GHR,nan,Secreted Signaling
CALCA,CALCR,nan,Secreted Signaling
CALCA,CALCRL_RAMP1,nan,Secreted Signaling
PTH,PTH2R,nan,Secreted Signaling
PTH,PTH1R,nan,Secreted Signaling
GCG,IDE,nan,Secreted Signaling
GCG,DPP4,nan,Secreted Signaling
GCG,GLP1R,nan,Secreted Signaling
GCG,GCGR,nan,Secreted Signaling
VIP,DPP4,nan,Secreted Signaling
VIP,VIPR1,nan,Secreted Signaling
VIP,AVPR1A,nan,Secreted Signaling
VIP,VIPR2,nan,Secreted Signaling
GHRH,VIPR1,nan,Secreted Signaling
GHRH,GHRHR,nan,Secreted Signaling
PPY,NPY4R,nan,Secreted Signaling
PPY,NPY5R,nan,Secreted Signaling
INS,INSR,nan,Secreted Signaling
INS,IDE,nan,Secreted Signaling
INS,LILRB2,nan,Secreted Signaling
INS,LILRB1,nan,Secreted Signaling
IGF2,IGF1R,nan,Secreted Signaling
IGF2,IGF2R,nan,Secreted Signaling
IGF2,IDE,nan,Secreted Signaling
IGF2,GPR152,nan,Secreted Signaling
GAST,CCKBR,nan,Secreted Signaling
GAST,KIR2DL3,nan,Secreted Signaling
GAST,GPR152,nan,Secreted Signaling
LTA,TNFRSF1A,nan,Secreted Signaling
LTA,TNFRSF1B,nan,Secreted Signaling
LTA,LTBR,nan,Secreted Signaling
LTA,RIPK1,nan,Secreted Signaling
LTA,TNFRSF14,nan,Secreted Signaling
TNF,TNFRSF1A,nan,Secreted Signaling
TNF,TNFRSF1B,nan,Secreted Signaling
TNF,FAS,nan,Secreted Signaling
TNF,FLT4,nan,Secreted Signaling
TNF,NOTCH1,nan,Secreted Signaling
TNF,PTPRS,nan,Secreted Signaling
TNF,RIPK1,nan,Secreted Signaling
TNF,DAG1,nan,Secreted Signaling
TNF,SEMA4C,nan,Secreted Signaling
TNF,VSIR,nan,Secreted Signaling
TNF,CELSR2,nan,Secreted Signaling
TNF,ICOS,nan,Secreted Signaling
IFNA1,CR2,nan,Secreted Signaling
IFNA2,IFNAR1_IFNAR2,nan,Secreted Signaling
IFNA10,IFNAR1_IFNAR2,nan,Secreted Signaling
IFNA7,IFNAR1_IFNAR2,nan,Secreted Signaling
IFNA21,IFNAR1_IFNAR2,nan,Secreted Signaling
IFNA5,IFNAR1_IFNAR2,nan,Secreted Signaling
IFNA14,IFNAR1_IFNAR2,nan,Secreted Signaling
IFNA17,IFNAR1_IFNAR2,nan,Secreted Signaling
IFNB1,IFNAR1_IFNAR2,nan,Secreted Signaling
IFNG,IFNGR1_IFNGR2,nan,Secreted Signaling
IL1B,ADRB2,nan,Secreted Signaling
EPO,EPOR,nan,Secreted Signaling
EPO,EFNB2,nan,Secreted Signaling
EPO,EPHB4,nan,Secreted Signaling
CD8A,CEACAM5,nan,Cell-Cell Contact
COL1A1,ITGB1_ITGA10,nan,Secreted Signaling
COL1A1,ITGB1_ITGA11,nan,Secreted Signaling
COL1A1,ITGB1_ITGA1,nan,Secreted Signaling
COL1A1,ITGB1_ITGA2,nan,Secreted Signaling
COL2A1,ITGB1_ITGA10,nan,Secreted Signaling
COL2A1,ITGB1_ITGA11,nan,Secreted Signaling
COL2A1,ITGB1_ITGA1,nan,Secreted Signaling
COL2A1,ITGB1_ITGA2,nan,Secreted Signaling
COL3A1,ITGB1_ITGA10,nan,Secreted Signaling
COL3A1,ITGB1_ITGA11,nan,Secreted Signaling
COL3A1,ITGB1_ITGA1,nan,Secreted Signaling
COL3A1,ITGB1_ITGA2,nan,Secreted Signaling
COL4A1,ITGB1_ITGA10,nan,Secreted Signaling
COL4A1,ITGB1_ITGA11,nan,Secreted Signaling
COL4A1,ITGB1_ITGA1,nan,Secreted Signaling
COL4A1,ITGB1_ITGA2,nan,Secreted Signaling
APOA1,TREM2_TYROBP,nan,Secreted Signaling
APOE,TREM2_TYROBP,nan,Secreted Signaling
APOA2,TREM2_TYROBP,nan,Secreted Signaling
FN1,ITGB1_ITGA10,nan,Secreted Signaling
FN1,ITGB1_ITGA11,nan,Secreted Signaling
FN1,ITGA2B_ITGB3,nan,Secreted Signaling
FN1,ITGB1_ITGA2,nan,Secreted Signaling
FN1,ITGB1_ITGA3,nan,Secreted Signaling
FN1,ITGB1_ITGA4,nan,Secreted Signaling
FN1,ITGB7_ITGA4,nan,Secreted Signaling
FN1,ITGB1_ITGA5,nan,Secreted Signaling
FN1,ITGB1_ITGA8,nan,Secreted Signaling
FN1,ITGB1_ITGAV,nan,Secreted Signaling
FN1,ITGAV_ITGB3,nan,Secreted Signaling
FN1,ITGB5_ITGAV,nan,Secreted Signaling
RBP4,STRA6,nan,Secreted Signaling
TTR,NGFR,nan,Secreted Signaling
TTR,DDR1,nan,Secreted Signaling
TTR,AGER,nan,Secreted Signaling
PPBP,CXCR1,nan,Secreted Signaling
PPBP,CXCR2,nan,Secreted Signaling
PF4,CXCR3,nan,Secreted Signaling
PF4,ACKR1,nan,Secreted Signaling
CXCL10,DPP4,nan,Secreted Signaling
CXCL10,CXCR3,nan,Secreted Signaling
TF,TFRC,nan,Secreted Signaling
TFRC,HFE,nan,Cell-Cell Contact
TNFSF13B,TFRC,nan,Secreted Signaling
TF,TFR2,nan,Secreted Signaling
TFF1,ESR1,nan,Secreted Signaling
CXCL1,ESR1,nan,Secreted Signaling
FGFR2,ESR1,nan,Secreted Signaling
BDNF,ESR1,nan,Secreted Signaling
IL25,ESR1,nan,Secreted Signaling
VTN,ITGA2B_ITGB3,nan,Secreted Signaling
VTN,ITGB1_ITGAV,nan,Secreted Signaling
VTN,ITGAV_ITGB3,nan,Secreted Signaling
PROC,PROCR,nan,Secreted Signaling
ANXA1,FPR1,nan,Secreted Signaling
ANXA1,FPR3,nan,Secreted Signaling
ANXA1,FPR2,nan,Secreted Signaling
PDGFA,PDGFRA,nan,Secreted Signaling
RLN2,RXFP2,nan,Secreted Signaling
RLN2,RXFP1,nan,Secreted Signaling
RLN2,RXFP3,nan,Secreted Signaling
APOB,APOBR,nan,Secreted Signaling
APOB,TREM2_TYROBP,nan,Secreted Signaling
CSF2,NR3C1,nan,Secreted Signaling
CSF2,CSF1R,nan,Secreted Signaling
IL5,NR3C1,nan,Secreted Signaling
CXCL8,NR3C1,nan,Secreted Signaling
CCL2,NR3C1,nan,Secreted Signaling
IL10,NR3C1,nan,Secreted Signaling
FASLG,NR3C1,nan,Secreted Signaling
CCL11,NR3C1,nan,Secreted Signaling
CCL7,NR3C1,nan,Secreted Signaling
TFF1,FGFR2,nan,Secreted Signaling
TFF1,ESR2,nan,Secreted Signaling
TFF1,FCRL4,nan,Secreted Signaling
THY1,ITGB2_ITGAM,nan,Cell-Cell Contact
THY1,ITGAV_ITGB3,nan,Cell-Cell Contact
THY1,ITGAX_ITGB2,nan,Cell-Cell Contact
CD74,APP,nan,Cell-Cell Contact
MIF,CD74,nan,Secreted Signaling
COPA,CD74,nan,Secreted Signaling
VWF,ITGAV_ITGB3,nan,Secreted Signaling
HBEGF,ERBB2,nan,Secreted Signaling
WNT1,CD36,nan,Secreted Signaling
GPI,NTRK1,nan,Secreted Signaling
NTF3,NTRK1,nan,Secreted Signaling
GRN,NTRK1,nan,Secreted Signaling
NAMPT,NTRK1,nan,Secreted Signaling
COPA,NTRK1,nan,Secreted Signaling
AIMP1,NTRK1,nan,Secreted Signaling
RLN1,AR,nan,Secreted Signaling
RLN1,RXFP2,nan,Secreted Signaling
RLN1,RXFP1,nan,Secreted Signaling
IFNW1,IFNAR1_IFNAR2,nan,Secreted Signaling
IFNA6,IFNAR1_IFNAR2,nan,Secreted Signaling
IFNA4,IFNAR1_IFNAR2,nan,Secreted Signaling
IFNA16,IFNAR1_IFNAR2,nan,Secreted Signaling
IGF1,IGF1R,nan,Secreted Signaling
IGF1,ITGB4_ITGA6,nan,Secreted Signaling
IGF1,ITGAV_ITGB3,nan,Secreted Signaling
APP,FPR2,nan,Cell-Cell Contact
APP,SORL1,nan,Cell-Cell Contact
APP,TREM2_TYROBP,nan,Cell-Cell Contact
IL4,IL13RA2,nan,Secreted Signaling
FGF1,FGFR1,nan,Secreted Signaling
FGF1,FGFR2,nan,Secreted Signaling
FGF1,FGFR4,nan,Secreted Signaling
FGF1,FGFR3,nan,Secreted Signaling
FGF1,TGFBR3,nan,Secreted Signaling
FGF1,ITGAV_ITGB3,nan,Secreted Signaling
IL6,HRH1,nan,Secreted Signaling
AREG,ICAM1,nan,Secreted Signaling
ICAM1,SPN,nan,Cell-Cell Contact
ICAM1,ITGAL,nan,Cell-Cell Contact
ICAM1,ITGB2_ITGAL,nan,Cell-Cell Contact
ICAM1,ITGB2_ITGAM,nan,Cell-Cell Contact
ICAM1,ITGAX_ITGB2,nan,Cell-Cell Contact
COL5A2,ITGB1_ITGA10,nan,Secreted Signaling
COL5A2,ITGB1_ITGA11,nan,Secreted Signaling
COL5A2,ITGB1_ITGA1,nan,Secreted Signaling
COL5A2,ITGB1_ITGA2,nan,Secreted Signaling
CCK,CCKAR,nan,Secreted Signaling
CCK,CCKBR,nan,Secreted Signaling
CD2,CD58,nan,Cell-Cell Contact
CEACAM5,CEACAM1,nan,Cell-Cell Contact
CEACAM5,CD1D,nan,Cell-Cell Contact
CEACAM5,CEACAM6,nan,Cell-Cell Contact
FCER2,CR2,nan,Secreted Signaling
FCER2,ITGB2_ITGAM,nan,Secreted Signaling
FCER2,ITGAV_ITGB3,nan,Secreted Signaling
FCER2,ITGAX_ITGB2,nan,Secreted Signaling
CRH,CRHR1,nan,Secreted Signaling
CRH,CRHR2,nan,Secreted Signaling
PROS1,AXL,nan,Secreted Signaling
PROS1,TYRO3,nan,Secreted Signaling
ADIPOQ,ASGR2,nan,Secreted Signaling
CSF1,CSF1R,nan,Secreted Signaling
CSF3,CSF1R,nan,Secreted Signaling
IL34,CSF1R,nan,Secreted Signaling
GP1BA,ITGB2_ITGAM,nan,Cell-Cell Contact
GRP,GRPR,nan,Secreted Signaling
VEGFB,ADRB2,nan,Secreted Signaling
COL1A2,ITGB1_ITGA10,nan,Secreted Signaling
COL1A2,ITGB1_ITGA11,nan,Secreted Signaling
COL1A2,ITGB1_ITGA1,nan,Secreted Signaling
COL1A2,ITGB1_ITGA2,nan,Secreted Signaling
NTF3,NGFR,nan,Secreted Signaling
BDNF,NGFR,nan,Secreted Signaling
NTF4,NGFR,nan,Secreted Signaling
IL2,NGFR,nan,Secreted Signaling
ADGRE5,CD55,nan,Secreted Signaling
MMP2,ITGAV_ITGB3,nan,Secreted Signaling
COL4A2,ITGB1_ITGA10,nan,Secreted Signaling
COL4A2,ITGB1_ITGA11,nan,Secreted Signaling
COL4A2,ITGB1_ITGA1,nan,Secreted Signaling
COL4A2,ITGB1_ITGA2,nan,Secreted Signaling
PTPRC,CD22,nan,Cell-Cell Contact
PTPRC,MRC1,nan,Cell-Cell Contact
PTPRC,SEMA4D,nan,Cell-Cell Contact
HGF,MET,nan,Secreted Signaling
FGF4,FGFR1,nan,Secreted Signaling
FGF4,FGFR2,nan,Secreted Signaling
FGF4,FGFR3,nan,Secreted Signaling
DDC,HTR1A,nan,Secreted Signaling
FGFR2,ROS1,nan,Secreted Signaling
NMB,NMBR,nan,Secreted Signaling
FGF2,FGFR1,nan,Secreted Signaling
FGF2,CD44,nan,Secreted Signaling
FGF2,FGFR2,nan,Secreted Signaling
FGF2,FGFR4,nan,Secreted Signaling
FGF2,FGFR3,nan,Secreted Signaling
FGF2,FGFRL1,nan,Secreted Signaling
FGF2,ITGAV_ITGB3,nan,Secreted Signaling
CD48,CD244,nan,Cell-Cell Contact
CXCL1,CXCR1,nan,Secreted Signaling
CXCL1,CXCR2,nan,Secreted Signaling
CXCL1,ACKR1,nan,Secreted Signaling
CSF1,SLC7A1,nan,Secreted Signaling
CSF1,SIRPA,nan,Secreted Signaling
CSF1,CELSR3,nan,Secreted Signaling
PDGFD,PDGFRB,nan,Secreted Signaling
GIP,DPP4,nan,Secreted Signaling
GIP,GIPR,nan,Secreted Signaling
SCT,VIPR1,nan,Secreted Signaling
SCT,SCTR,nan,Secreted Signaling
CSF3,CSF3R,nan,Secreted Signaling
C4A,C5AR2,nan,Secreted Signaling
NPS,NPSR1,nan,Secreted Signaling
SAA1,FPR2,nan,Secreted Signaling
APELA,APLNR,nan,Secreted Signaling
ADORA3,ENTPD1,nan,Cell-Cell Contact
PYY,NPY1R,nan,Secreted Signaling
PYY,DPP4,nan,Secreted Signaling
PYY,NPY2R,nan,Secreted Signaling
PYY,NPY4R,nan,Secreted Signaling
PYY,NPY5R,nan,Secreted Signaling
CALCB,CALCRL_RAMP1,nan,Secreted Signaling
CXCL8,CXCR1,nan,Secreted Signaling
CXCL8,CXCR2,nan,Secreted Signaling
CXCL8,ACKR1,nan,Secreted Signaling
CCL3,IDE,nan,Secreted Signaling
CCL3,CCR1,nan,Secreted Signaling
CCL3,CCR3,nan,Secreted Signaling
CCL3,CCR5,nan,Secreted Signaling
AKR1D1,AR,nan,Secreted Signaling
HSD17B12,AR,nan,Secreted Signaling
HSD17B3,AR,nan,Secreted Signaling
SPP1,CD44,nan,Secreted Signaling
SPP1,PTGER4,nan,Secreted Signaling
SPP1,CCR8,nan,Secreted Signaling
SPP1,ITGB1_ITGA4,nan,Secreted Signaling
SPP1,ITGB1_ITGA9,nan,Secreted Signaling
SPP1,ITGAV_ITGB3,nan,Secreted Signaling
TGFB3,TGFBR3,nan,Secreted Signaling
TGFB3,TGFBR1_TGFBR2,nan,Secreted Signaling
TGFB3,TGFBR2_ACVR1,nan,Secreted Signaling
TGFB3,ITGAV_ITGB6,nan,Secreted Signaling
TGFB3,ITGB8_ITGAV,nan,Secreted Signaling
KITLG,KIT,nan,Secreted Signaling
CD28,CD80,nan,Cell-Cell Contact
CD28,CD86,nan,Cell-Cell Contact
FGF6,FGFR1,nan,Secreted Signaling
FGF6,FGFR2,nan,Secreted Signaling
FGF6,FGFR3,nan,Secreted Signaling
DIO3_TG,THRA,nan,Secreted Signaling
CLU,TREM2_TYROBP,nan,Secreted Signaling
IAPP,IDE,nan,Secreted Signaling
LAMC1,ITGB1_ITGA2,nan,Secreted Signaling
LAMC1,ITGB1_ITGA6,nan,Secreted Signaling
LAMC1,ITGB1_ITGA7,nan,Secreted Signaling
LAMC1,ITGAV_ITGB3,nan,Secreted Signaling
VSTM1,LAMP1,nan,Secreted Signaling
FAM3C,LAMP1,nan,Secreted Signaling
FGF5,FGFR1,nan,Secreted Signaling
NCAM1,FGFR1,nan,Secreted Signaling
HBEGF,VDR,nan,Secreted Signaling
FGF3,FGFR2,nan,Secreted Signaling
FGF3,FGFR3,nan,Secreted Signaling
FGF5,FGFR2,nan,Secreted Signaling
FGF5,FGFR3,nan,Secreted Signaling
COL11A1,ITGB1_ITGA10,nan,Secreted Signaling
COL11A1,ITGB1_ITGA11,nan,Secreted Signaling
COL11A1,ITGB1_ITGA1,nan,Secreted Signaling
COL11A1,ITGB1_ITGA2,nan,Secreted Signaling
COL6A1,ITGB1_ITGA10,nan,Secreted Signaling
COL6A1,ITGB1_ITGA11,nan,Secreted Signaling
COL6A1,ITGB1_ITGA1,nan,Secreted Signaling
COL6A1,ITGB1_ITGA2,nan,Secreted Signaling
COL6A2,ITGB1_ITGA10,nan,Secreted Signaling
COL6A2,ITGB1_ITGA11,nan,Secreted Signaling
COL6A2,ITGB1_ITGA1,nan,Secreted Signaling
COL6A2,ITGB1_ITGA2,nan,Secreted Signaling
COL6A3,ITGB1_ITGA10,nan,Secreted Signaling
COL6A3,ITGB1_ITGA11,nan,Secreted Signaling
COL6A3,ITGB1_ITGA1,nan,Secreted Signaling
COL6A3,ITGB1_ITGA2,nan,Secreted Signaling
PTHLH,PTH2R,nan,Secreted Signaling
PTHLH,PRLHR,nan,Secreted Signaling
PTHLH,PTH1R,nan,Secreted Signaling
CXCL9,FCGR2A,nan,Secreted Signaling
BMP2,SMO,nan,Secreted Signaling
CDH1,KLRG1,nan,Cell-Cell Contact
CDH1,ITGB1_ITGA2,nan,Cell-Cell Contact
CDH1,ITGB7_ITGAE,nan,Cell-Cell Contact
CCL4,SLC7A1,nan,Secreted Signaling
CCL4,CNR2,nan,Secreted Signaling
CCL4,CCR5,nan,Secreted Signaling
CCL4,CCR8,nan,Secreted Signaling
CCL4,GPR152,nan,Secreted Signaling
CCL4,GPRC5D,nan,Secreted Signaling
CCL2,CCR2,nan,Secreted Signaling
CCL2,CCR10,nan,Secreted Signaling
CCL2,ACKR1,nan,Secreted Signaling
CCL5,CCR1,nan,Secreted Signaling
CCL5,CCR3,nan,Secreted Signaling
CCL5,CCR4,nan,Secreted Signaling
CCL5,CCR5,nan,Secreted Signaling
CCL5,ACKR1,nan,Secreted Signaling
CCL5,ACKR4,nan,Secreted Signaling
BDNF,NCAM1,nan,Secreted Signaling
GDNF,NCAM1,nan,Secreted Signaling
ICAM2,CD209,nan,Cell-Cell Contact
ICAM2,ITGB2_ITGAL,nan,Cell-Cell Contact
CEACAM1,SELE,nan,Cell-Cell Contact
CEACAM1,CEACAM8,nan,Cell-Cell Contact
CEACAM1,CEACAM6,nan,Cell-Cell Contact
CEACAM1,CD209,nan,Secreted Signaling
HLA-E,KLRC1,nan,Cell-Cell Contact
HLA-E,KLRC2,nan,Cell-Cell Contact
HLA-E,KLRK1,nan,Cell-Cell Contact
COL11A2,ITGB1_ITGA10,nan,Secreted Signaling
COL11A2,ITGB1_ITGA11,nan,Secreted Signaling
COL11A2,ITGB1_ITGA1,nan,Secreted Signaling
COL11A2,ITGB1_ITGA2,nan,Secreted Signaling
SELL,CD34,nan,Cell-Cell Contact
SELL,SELPLG,nan,Cell-Cell Contact
SELL,PODXL2,nan,Cell-Cell Contact
MIF,TNFRSF14,nan,Secreted Signaling
MIF,TNFRSF10D,nan,Secreted Signaling
CD99,PILRA,nan,Cell-Cell Contact
HGF,CD44,nan,Secreted Signaling
DDC,DRD2,nan,Secreted Signaling
PLA2G2A,ITGB1_ITGA4,nan,Secreted Signaling
PLA2G2A,ITGB1_ITGA5,nan,Secreted Signaling
CCL23,IDE,nan,Secreted Signaling
PVR,CD96,nan,Secreted Signaling
TNFSF9,PVR,nan,Secreted Signaling
PVR,CD226,nan,Secreted Signaling
PVR,TIGIT,nan,Cell-Cell Contact
PVR,NECTIN3,nan,Cell-Cell Contact
CD46,JAG1,nan,Cell-Cell Contact
VEGFA,FLT1,nan,Secreted Signaling
VEGFA,EPHB2,nan,Secreted Signaling
VEGFA,KDR,nan,Secreted Signaling
VEGFA,GRIN2B,nan,Secreted Signaling
CD1D,LILRB2,nan,Cell-Cell Contact
NPPB,NPR 1.00,nan,Secreted Signaling
NPPC,NPR 1.00,nan,Secreted Signaling
CD44,SELE,nan,Cell-Cell Contact
FGFR2,CD44,nan,Secreted Signaling
CD44,SIGLEC15,nan,Cell-Cell Contact
HBEGF,CD44,nan,Secreted Signaling
SELP,CD24,nan,Cell-Cell Contact
SELP,CD34,nan,Cell-Cell Contact
SELP,SELPLG,nan,Cell-Cell Contact
SELP,PODXL2,nan,Cell-Cell Contact
SPN,SIGLEC1,nan,Cell-Cell Contact
PDGFC,PDGFRA,nan,Secreted Signaling
PECAM1,CD38,nan,Cell-Cell Contact
PECAM1,CD177,nan,Cell-Cell Contact
CTLA4,CD80,nan,Cell-Cell Contact
CTLA4,CD86,nan,Cell-Cell Contact
CSHL1,PRLR,nan,Secreted Signaling
GPHB5_GPHA2,TSHR,nan,Secreted Signaling
CGA_TSHB,TSHR,nan,Secreted Signaling
SELE,SELPLG,nan,Cell-Cell Contact
SELE,GLG1,nan,Cell-Cell Contact
SELE,PODXL2,nan,Cell-Cell Contact
CCL3L1,DPP4,nan,Secreted Signaling
CCL3L1,CCR1,nan,Secreted Signaling
CCL3L1,CCR3,nan,Secreted Signaling
NPPB,NPR 3.00,nan,Secreted Signaling
NPPB,NPR 2.00,nan,Secreted Signaling
NPPB,DPP4,nan,Secreted Signaling
NPPC,NPR 3.00,nan,Secreted Signaling
OSTN,NPR 3.00,nan,Secreted Signaling
HLA-G,LILRB2,nan,Cell-Cell Contact
LILRB1,HLA-G,nan,Secreted Signaling
LGALS3,MERTK,nan,Secreted Signaling
IGFBP3,TMEM219,nan,Secreted Signaling
PGF,FLT1,nan,Secreted Signaling
VEGFB,FLT1,nan,Secreted Signaling
BMP7,SLAMF1,nan,Secreted Signaling
BMP7,PTPRK,nan,Secreted Signaling
ADCYAP1,DPP4,nan,Secreted Signaling
ADCYAP1,VIPR1,nan,Secreted Signaling
ADCYAP1,ADCYAP1R1,nan,Secreted Signaling
ADCYAP1,VIPR2,nan,Secreted Signaling
ADCYAP1,SCTR,nan,Secreted Signaling
CDH2,CDH2,nan,Cell-Cell Contact
KITLG,EPOR,nan,Secreted Signaling
VCAM1,ITGB1_ITGA4,nan,Cell-Cell Contact
VCAM1,ITGB7_ITGA4,nan,Cell-Cell Contact
VCAM1,ITGB1_ITGA9,nan,Cell-Cell Contact
VCAM1,ITGB2_ITGAD,nan,Cell-Cell Contact
GRN,TNFRSF1A,nan,Secreted Signaling
FASLG,TNFRSF1A,nan,Secreted Signaling
CXCL2,CXCR1,nan,Secreted Signaling
CXCL2,CXCR2,nan,Secreted Signaling
CXCL2,DPP4,nan,Secreted Signaling
CXCL3,CXCR1,nan,Secreted Signaling
CXCL3,CXCR2,nan,Secreted Signaling
GRN,TNFRSF1B,nan,Secreted Signaling
TAC1,TACR2,nan,Secreted Signaling
TAC1,TACR1,nan,Secreted Signaling
PMCH,MCHR2,nan,Secreted Signaling
PMCH,MCHR1,nan,Secreted Signaling
TRH,TRHR,nan,Secreted Signaling
NPPC,NPR 2.00,nan,Secreted Signaling
NTF3,NTRK3,nan,Secreted Signaling
NTF3,NTRK2,nan,Secreted Signaling
EDN2,EDNRA,nan,Secreted Signaling
EFNA1,EPHA1,nan,Secreted Signaling
EFNA1,EPHA2,nan,Secreted Signaling
EFNA1,EPHA3,nan,Secreted Signaling
EFNA1,EPHA8,nan,Secreted Signaling
EFNA1,EPHA5,nan,Secreted Signaling
EFNA1,EPHA4,nan,Secreted Signaling
EFNA1,EPHA7,nan,Secreted Signaling
COL9A1,ITGB1_ITGA10,nan,Secreted Signaling
COL9A1,ITGB1_ITGA11,nan,Secreted Signaling
COL9A1,ITGB1_ITGA1,nan,Secreted Signaling
COL9A1,ITGB1_ITGA2,nan,Secreted Signaling
COL5A1,ITGB1_ITGA10,nan,Secreted Signaling
COL5A1,ITGB1_ITGA11,nan,Secreted Signaling
COL5A1,ITGB1_ITGA1,nan,Secreted Signaling
COL5A1,ITGB1_ITGA2,nan,Secreted Signaling
PTN,PTPRS,nan,Secreted Signaling
PTN,ALK,nan,Secreted Signaling
FAM19A4,FPR1,nan,Secreted Signaling
EPHA1,EFNA3,nan,Cell-Cell Contact
EFNA4,EPHA1,nan,Secreted Signaling
EPHA1,EFNA5,nan,Cell-Cell Contact
DDC,DRD1,nan,Secreted Signaling
GHRL,TBXA2R,nan,Secreted Signaling
TBXAS1,TBXA2R,nan,Secreted Signaling
MDK,LRP1,nan,Secreted Signaling
MDK,SORL1,nan,Secreted Signaling
MDK,ALK,nan,Secreted Signaling
FGF7,FGFR2,nan,Secreted Signaling
FGF7,FGFR3,nan,Secreted Signaling
FGFR3,FGFR2,nan,Secreted Signaling
FGF9,FGFR2,nan,Secreted Signaling
FGFR2,EPHA4,nan,Secreted Signaling
FGF8,FGFR2,nan,Secreted Signaling
FGFR2,CD83,nan,Secreted Signaling
NECTIN1,FGFR2,nan,Secreted Signaling
FGFR2,PTPRR,nan,Secreted Signaling
FGF23,FGFR2,nan,Secreted Signaling
FGF22,FGFR2,nan,Secreted Signaling
FGFR2,XPR1,nan,Secreted Signaling
CD72,SEMA4D,nan,Cell-Cell Contact
BTC,ERBB3,nan,Secreted Signaling
NRG1,ERBB3,nan,Secreted Signaling
DDC,DRD4,nan,Secreted Signaling
DDC,DRD5,nan,Secreted Signaling
CDH3,CDH3,nan,Cell-Cell Contact
CCL1,CCR8,nan,Secreted Signaling
FGF9,FGFR3,nan,Secreted Signaling
FGFR3,EPHA4,nan,Secreted Signaling
FGF8,FGFR3,nan,Secreted Signaling
NECTIN1,FGFR3,nan,Secreted Signaling
FGF23,FGFR3,nan,Secreted Signaling
FGF20,FGFR3,nan,Secreted Signaling
CGA_LHB,LHCGR,nan,Secreted Signaling
FAM3C,GLRA2,nan,Secreted Signaling
TNFSF4,TNFRSF4,nan,Cell-Cell Contact
BDNF,NTRK2,nan,Secreted Signaling
BDNF,GPR152,nan,Secreted Signaling
BDNF,SORT1,nan,Secreted Signaling
BDNF,F11R,nan,Secreted Signaling
TNC,ITGB1_ITGA4,nan,Secreted Signaling
TNC,ITGB1_ITGA8,nan,Secreted Signaling
TNC,ITGB1_ITGA9,nan,Secreted Signaling
TNC,ITGAV_ITGB3,nan,Secreted Signaling
TNC,ITGAV_ITGB6,nan,Secreted Signaling
CXCL5,CXCR1,nan,Secreted Signaling
CXCL6,CXCR1,nan,Secreted Signaling
CXCL5,CXCR2,nan,Secreted Signaling
CXCL6,CXCR2,nan,Secreted Signaling
COL8A2,ITGB1_ITGA10,nan,Secreted Signaling
COL8A2,ITGB1_ITGA11,nan,Secreted Signaling
COL8A2,ITGB1_ITGA1,nan,Secreted Signaling
COL8A2,ITGB1_ITGA2,nan,Secreted Signaling
MT-RNR2,FPR3,nan,Secreted Signaling
FPR3,HEBP1,nan,Cell-Cell Contact
CAMP,FPR2,nan,Secreted Signaling
CCL23,FPR2,nan,Secreted Signaling
FAM19A5,FPR2,nan,Secreted Signaling
MT-RNR2,FPR2,nan,Secreted Signaling
GUCA2A,GUCY2C,nan,Secreted Signaling
GUCA2B,GUCY2C,nan,Secreted Signaling
CXCL12,ACKR3,nan,Secreted Signaling
FASLG,FAS,nan,Secreted Signaling
COL5A3,ITGB1_ITGA10,nan,Secreted Signaling
COL5A3,ITGB1_ITGA11,nan,Secreted Signaling
COL5A3,ITGB1_ITGA1,nan,Secreted Signaling
COL5A3,ITGB1_ITGA2,nan,Secreted Signaling
CD40LG,CD40,nan,Secreted Signaling
INSL3,CD40,nan,Secreted Signaling
TNFSF13B,CD40,nan,Secreted Signaling
CD70,CD27,nan,Secreted Signaling
MST1,MST1R,nan,Secreted Signaling
INHBC,ACVR2A,nan,Secreted Signaling
INHBE,ACVR2A,nan,Secreted Signaling
CXCL12,DPP4,nan,Secreted Signaling
CCL11,DPP4,nan,Secreted Signaling
CXCL9,DPP4,nan,Secreted Signaling
GDF1,HTR4,nan,Secreted Signaling
COL8A1,ITGB1_ITGA10,nan,Secreted Signaling
COL8A1,ITGB1_ITGA11,nan,Secreted Signaling
COL8A1,ITGB1_ITGA1,nan,Secreted Signaling
COL8A1,ITGB1_ITGA2,nan,Secreted Signaling
DDC,HTR1D,nan,Secreted Signaling
DDC,HTR1B,nan,Secreted Signaling
DDC,HTR2A,nan,Secreted Signaling
DDC,HTR2C,nan,Secreted Signaling
DDC,HTR1E,nan,Secreted Signaling
GRN,SORT1,nan,Secreted Signaling
GRN,CLEC4M,nan,Secreted Signaling
TNFRSF8,TNFSF8,nan,Cell-Cell Contact
NAMPT,ADORA2A,nan,Secreted Signaling
ADORA2A,ENTPD1,nan,Cell-Cell Contact
ADORA2B,ENTPD1,nan,Cell-Cell Contact
EPHA2,EFNA3,nan,Cell-Cell Contact
EFNA4,EPHA2,nan,Secreted Signaling
EPHA2,EFNA5,nan,Cell-Cell Contact
EPHA3,EFNA3,nan,Cell-Cell Contact
EFNA4,EPHA3,nan,Secreted Signaling
EPHA3,EFNA5,nan,Cell-Cell Contact
EPHA8,EFNA3,nan,Cell-Cell Contact
EFNA4,EPHA8,nan,Secreted Signaling
EPHA8,EFNA5,nan,Cell-Cell Contact
EPHB2,EFNB2,nan,Cell-Cell Contact
EPHB2,EFNA5,nan,Cell-Cell Contact
EPHB2,EFNB1,nan,Cell-Cell Contact
EPHB2,EFNB3,nan,Cell-Cell Contact
TAC3,TACR3,nan,Secreted Signaling
COL4A5,ITGB1_ITGA10,nan,Secreted Signaling
COL4A5,ITGB1_ITGA11,nan,Secreted Signaling
COL4A5,ITGB1_ITGA1,nan,Secreted Signaling
COL4A5,ITGB1_ITGA2,nan,Secreted Signaling
CD40LG,ITGA2B_ITGB3,nan,Secreted Signaling
CD40LG,ITGB1_ITGA5,nan,Secreted Signaling
CD6,ALCAM,nan,Cell-Cell Contact
HLA-F,KIR3DL1,nan,Cell-Cell Contact
HLA-F,KIR3DL2,nan,Cell-Cell Contact
HLA-F,KIR3DS1,nan,Cell-Cell Contact
HLA-F,LILRB2,nan,Cell-Cell Contact
HLA-F,LILRB1,nan,Cell-Cell Contact
GAS6,AXL,nan,Secreted Signaling
ADORA1,ENTPD1,nan,Cell-Cell Contact
SST,SSTR1,nan,Secreted Signaling
SST,SSTR2,nan,Secreted Signaling
DDC,HTR1F,nan,Secreted Signaling
NTS,NTSR1,nan,Secreted Signaling
NTS,SORT1,nan,Secreted Signaling
CD52,SIGLEC10,nan,Cell-Cell Contact
SST,SSTR4,nan,Secreted Signaling
CEACAM8,CEACAM6,nan,Cell-Cell Contact
L1CAM,L1CAM,nan,Cell-Cell Contact
L1CAM,ITGA2B_ITGB3,nan,Cell-Cell Contact
L1CAM,ITGB1_ITGA5,nan,Cell-Cell Contact
L1CAM,ITGB1_ITGA9,nan,Cell-Cell Contact
L1CAM,ITGB1_ITGAV,nan,Cell-Cell Contact
L1CAM,ITGAV_ITGB3,nan,Cell-Cell Contact
L1CAM,EZR_L1CAM,nan,Cell-Cell Contact
CCL23,CCR1,nan,Secreted Signaling
CCL18,CCR1,nan,Secreted Signaling
CCL8,CCR1,nan,Secreted Signaling
CCL7,CCR1,nan,Secreted Signaling
CCL14,CCR1,nan,Secreted Signaling
CCL15,CCR1,nan,Secreted Signaling
CCL13,CCR1,nan,Secreted Signaling
CCL26,CCR1,nan,Secreted Signaling
CCL19,CCR7,nan,Secreted Signaling
SST,SSTR3,nan,Secreted Signaling
IFNA8,GPR152,nan,Secreted Signaling
IFNA8,IFNAR1_IFNAR2,nan,Secreted Signaling
ICAM3,CLEC4M,nan,Cell-Cell Contact
ICAM3,CD209,nan,Cell-Cell Contact
ICAM3,ITGB2_ITGAD,nan,Cell-Cell Contact
ICAM3,ITGB2_ITGAL,nan,Cell-Cell Contact
CD70,TNFRSF17,nan,Secreted Signaling
CD70,GPRC5B,nan,Secreted Signaling
CDH5,CDH5,nan,Cell-Cell Contact
CD80,CD274,nan,Cell-Cell Contact
NTF4,NTRK2,nan,Secreted Signaling
BMP8B,PLAUR,nan,Secreted Signaling
DDC,HTR7,nan,Secreted Signaling
ADIPOQ,CNR2,nan,Secreted Signaling
PTGES,PTGER1,nan,Secreted Signaling
PTGES2,PTGER1,nan,Secreted Signaling
PTGES3,PTGER1,nan,Secreted Signaling
UCN,CRHR1,nan,Secreted Signaling
BTC,ERBB4,nan,Secreted Signaling
IL13,IL13RA2,nan,Secreted Signaling
IL13,TMEM219,nan,Secreted Signaling
ADM,MRGPRX2,nan,Secreted Signaling
ADM,RAMP3_CALCRL_GPER1,nan,Secreted Signaling
SST,SSTR5,nan,Secreted Signaling
PTGES,PTGER4,nan,Secreted Signaling
PTGES2,PTGER4,nan,Secreted Signaling
PTGES3,PTGER4,nan,Secreted Signaling
APLN,APLNR,nan,Secreted Signaling
DDC,DRD3,nan,Secreted Signaling
FBN1,ITGB1_ITGA5,nan,Secreted Signaling
VEGFC,FLT4,nan,Secreted Signaling
PDGFC,FLT4,nan,Secreted Signaling
VEGFC,KDR,nan,Secreted Signaling
SLURP1,CHRNA7,nan,Secreted Signaling
FLT3LG,FLT3,nan,Secreted Signaling
CCL11,PPARG,nan,Secreted Signaling
COL15A1,ITGB1_ITGA10,nan,Secreted Signaling
COL15A1,ITGB1_ITGA11,nan,Secreted Signaling
COL15A1,ITGB1_ITGA1,nan,Secreted Signaling
COL15A1,ITGB1_ITGA2,nan,Secreted Signaling
COL18A1,ITGB1_ITGA10,nan,Secreted Signaling
COL18A1,ITGB1_ITGA11,nan,Secreted Signaling
COL18A1,ITGB1_ITGA1,nan,Secreted Signaling
COL18A1,ITGB1_ITGA2,nan,Secreted Signaling
GDNF,RET_GFRA1,nan,Secreted Signaling
CEACAM6,CEACAM6,nan,Cell-Cell Contact
NECTIN1,CD96,nan,Secreted Signaling
THPO,MPL,nan,Secreted Signaling
PNOC,OPRL1,nan,Secreted Signaling
LEP,LEPR,nan,Secreted Signaling
CD200,CD200R1,nan,Cell-Cell Contact
WNT5A,ROR1,nan,Secreted Signaling
WNT5A,ROR2,nan,Secreted Signaling
WNT5A,PTPRK,nan,Secreted Signaling
WNT5A,EPHA7,nan,Secreted Signaling
WNT5A,ANTXR1,nan,Secreted Signaling
TNFSF9,TNFRSF9,nan,Secreted Signaling
TNFSF9,IL13RA2,nan,Secreted Signaling
TNFSF9,ADGRG5,nan,Secreted Signaling
DDC,HTR2B,nan,Secreted Signaling
CCL11,CCR2,nan,Secreted Signaling
CCL8,CCR2,nan,Secreted Signaling
CCL7,CCR2,nan,Secreted Signaling
CCL13,CCR2,nan,Secreted Signaling
CCL26,CCR2,nan,Secreted Signaling
ASIP,MC1R,nan,Secreted Signaling
CXCL5,ACKR1,nan,Secreted Signaling
AKR1B1,PTGFR,nan,Secreted Signaling
CBR1,PTGFR,nan,Secreted Signaling
FAM213B,PTGFR,nan,Secreted Signaling
PTGES,PTGER3,nan,Secreted Signaling
PTGES2,PTGER3,nan,Secreted Signaling
PTGES3,PTGER3,nan,Secreted Signaling
GHRL,PTGER3,nan,Secreted Signaling
PTGES,PTGER2,nan,Secreted Signaling
PTGES2,PTGER2,nan,Secreted Signaling
PTGES3,PTGER2,nan,Secreted Signaling
PTGIS,PTGIR,nan,Secreted Signaling
GHRL,PTGIR,nan,Secreted Signaling
NAMPT,IL13RA2,nan,Secreted Signaling
NAMPT,P2RY6,nan,Secreted Signaling
CXCL9,KIR2DL3,nan,Secreted Signaling
FAM3C,KIR2DL3,nan,Secreted Signaling
FAM19A1,GPR1,nan,Secreted Signaling
RARRES2,GPR1,nan,Secreted Signaling
CCL7,CCR10,nan,Secreted Signaling
CCL28,CCR10,nan,Secreted Signaling
CCL27,CCR10,nan,Secreted Signaling
XCL1,XCR1,nan,Secreted Signaling
XCL2,XCR1,nan,Secreted Signaling
DDC,HTR3A,nan,Secreted Signaling
NOV,NOTCH1,nan,Secreted Signaling
WNT4,NOTCH1,nan,Secreted Signaling
NOTCH1,JAG1,nan,Cell-Cell Contact
NOTCH1,DLK1,nan,Cell-Cell Contact
NOTCH1,CNTN1,nan,Cell-Cell Contact
NOTCH1,DLL4,nan,Cell-Cell Contact
NOTCH1,DLL3,nan,Cell-Cell Contact
NOTCH1,JAG2,nan,Cell-Cell Contact
DDC,HTR5A,nan,Secreted Signaling
XCL1,ADGRV1,nan,Secreted Signaling
CXCL12,CXCR3,nan,Secreted Signaling
CXCL12,CXCR4,nan,Secreted Signaling
NPW,NPBWR1,nan,Secreted Signaling
NPB,NPBWR1,nan,Secreted Signaling
NPW,NPBWR2,nan,Secreted Signaling
NPB,NPBWR2,nan,Secreted Signaling
FAM19A4,LEPR,nan,Secreted Signaling
NMU,NMUR2,nan,Secreted Signaling
NMU,NMUR1,nan,Secreted Signaling
PTH2,PTH2R,nan,Secreted Signaling
CX3CL1,CX3CR1,nan,Secreted Signaling
COPA,MTNR1B,nan,Secreted Signaling
CCL20,CXCR3,nan,Secreted Signaling
CXCL9,CXCR3,nan,Secreted Signaling
CCL19,CXCR3,nan,Secreted Signaling
PRLH,PRLHR,nan,Secreted Signaling
C10orf99,GPR15,nan,Secreted Signaling
DDC,HTR6,nan,Secreted Signaling
TNFSF10,RIPK1,nan,Secreted Signaling
TNFSF10,TNFRSF10D,nan,Secreted Signaling
INSL3,RXFP2,nan,Secreted Signaling
INSL3,RXFP1,nan,Secreted Signaling
CCL11,CCR3,nan,Secreted Signaling
CCL11,ACKR4,nan,Secreted Signaling
CCL8,CCR3,nan,Secreted Signaling
CCL7,CCR3,nan,Secreted Signaling
CCL14,CCR3,nan,Secreted Signaling
CCL15,CCR3,nan,Secreted Signaling
CCL13,CCR3,nan,Secreted Signaling
CCL28,CCR3,nan,Secreted Signaling
CCL26,CCR3,nan,Secreted Signaling
CCL17,CCR4,nan,Secreted Signaling
CCL8,CCR5,nan,Secreted Signaling
CCL7,CCR5,nan,Secreted Signaling
CCL20,CCR6,nan,Secreted Signaling
CCL18,CCR8,nan,Secreted Signaling
EFNA3,EPHA5,nan,Cell-Cell Contact
EFNA3,EPHA4,nan,Cell-Cell Contact
EFNA3,EPHA7,nan,Cell-Cell Contact
EFNA4,EPHA5,nan,Secreted Signaling
EFNA4,EPHA4,nan,Secreted Signaling
EFNA4,EPHA7,nan,Secreted Signaling
EFNB2,EPHB3,nan,Cell-Cell Contact
EFNB2,EPHB4,nan,Cell-Cell Contact
EFNB2,EPHB1,nan,Cell-Cell Contact
EFNB2,EPHA4,nan,Cell-Cell Contact
EFNA5,EPHA5,nan,Cell-Cell Contact
EFNA5,EPHA4,nan,Cell-Cell Contact
EFNA5,EPHA7,nan,Cell-Cell Contact
COL4A4,ITGB1_ITGA10,nan,Secreted Signaling
COL4A4,ITGB1_ITGA11,nan,Secreted Signaling
COL4A4,ITGB1_ITGA1,nan,Secreted Signaling
COL4A4,ITGB1_ITGA2,nan,Secreted Signaling
COPA,P2RY6,nan,Secreted Signaling
COPA,SORT1,nan,Secreted Signaling
EPHB3,EFNB1,nan,Cell-Cell Contact
EPHB3,EFNB3,nan,Cell-Cell Contact
EPHB4,EFNB1,nan,Cell-Cell Contact
EPHB4,EFNB3,nan,Cell-Cell Contact
EPHB1,EFNB1,nan,Cell-Cell Contact
EPHB1,EFNB3,nan,Cell-Cell Contact
EPHA4,EFNB1,nan,Cell-Cell Contact
EPHA4,EFNB3,nan,Cell-Cell Contact
UCN,CRHR2,nan,Secreted Signaling
INHBC,ACVR2B,nan,Secreted Signaling
CDH6,CDH6,nan,Cell-Cell Contact
WNT3A,LRP1,nan,Secreted Signaling
WNT4,SMO,nan,Secreted Signaling
NRG3,ERBB4,nan,Secreted Signaling
JAM2,JAM3,nan,Cell-Cell Contact
JAM2,ITGB1_ITGA4,nan,Cell-Cell Contact
INHBE,ACVR2B,nan,Secreted Signaling
PROK1,PROKR2,nan,Secreted Signaling
PROK1,PROKR1,nan,Secreted Signaling
LILRA4,BST2,nan,Cell-Cell Contact
TGFB2,TGFBR3,nan,Secreted Signaling
TGFB2,TGFBR1_TGFBR2,nan,Secreted Signaling
TGFB2,TGFBR2_ACVR1,nan,Secreted Signaling
FAM3C,CXADR,nan,Secreted Signaling
SIRPA,CD47,nan,Cell-Cell Contact
JAG1,NOTCH2,nan,Cell-Cell Contact
JAG1,NOTCH4,nan,Cell-Cell Contact
JAG1,NOTCH3,nan,Cell-Cell Contact
RELN,VLDLR,nan,Secreted Signaling
RELN,LRP8,nan,Secreted Signaling
CCL8,ACKR1,nan,Secreted Signaling
CCL7,ACKR1,nan,Secreted Signaling
LCN2,SLC22A17,nan,Secreted Signaling
DLK1,NOTCH2,nan,Cell-Cell Contact
DLK1,NOTCH4,nan,Cell-Cell Contact
DLK1,NOTCH3,nan,Cell-Cell Contact
QRFP,QRFPR,nan,Secreted Signaling
PDGFD,PDGFRA_PDGFRB,nan,Secreted Signaling
SHH,PTCH2_BOC,nan,Secreted Signaling
SHH,PTCH2_CDON,nan,Secreted Signaling
SHH,PTCH2_GAS1,nan,Secreted Signaling
IHH,PTCH1_BOC,nan,Secreted Signaling
SHH,PTCH1_BOC,nan,Secreted Signaling
IHH,PTCH1_CDON,nan,Secreted Signaling
SHH,PTCH1_CDON,nan,Secreted Signaling
IHH,PTCH1_GAS1,nan,Secreted Signaling
SHH,PTCH1_GAS1,nan,Secreted Signaling
PLXNA1_KDR,SEMA6D,nan,Cell-Cell Contact
PLXNA1_TREM2_TYROBP,SEMA6D,nan,Cell-Cell Contact
SEMA3A,NRP1_PLXNA1,nan,Secreted Signaling
SEMA3A,NRP1_PLXNA2,nan,Secreted Signaling
NRP1_PLXNA2,SEMA6A,nan,Cell-Cell Contact
SEMA3A,NRP1_PLXNA3,nan,Secreted Signaling
SEMA3A,NRP1_PLXNA4,nan,Secreted Signaling
AKR1C3,PTGDR,nan,Secreted Signaling
AKR1C3,PTGDR2,nan,Secreted Signaling
COL4A3,ITGB1_ITGA10,nan,Secreted Signaling
COL4A3,ITGB1_ITGA11,nan,Secreted Signaling
COL4A3,ITGB1_ITGA1,nan,Secreted Signaling
COL4A3,ITGB1_ITGA2,nan,Secreted Signaling
TNFSF13B,TNFRSF17,nan,Secreted Signaling
NRG1,ERBB4,nan,Secreted Signaling
NRG1,LSR,nan,Secreted Signaling
NRG1,NETO2,nan,Secreted Signaling
NRG1,MS4A4A,nan,Secreted Signaling
NRG1,LGR4,nan,Secreted Signaling
NRG1,ITGB4_ITGA6,nan,Secreted Signaling
COL7A1,ITGB1_ITGA10,nan,Secreted Signaling
COL7A1,ITGB1_ITGA11,nan,Secreted Signaling
COL7A1,ITGB1_ITGA1,nan,Secreted Signaling
COL7A1,ITGB1_ITGA2,nan,Secreted Signaling
DSG1,DSC2,nan,Cell-Cell Contact
DSG1,DSC1,nan,Cell-Cell Contact
DSG1,DSC3,nan,Cell-Cell Contact
DSC2,DSG2,nan,Cell-Cell Contact
GHRL,GHRHR,nan,Secreted Signaling
ANGPT1,TEK,nan,Secreted Signaling
ANGPT4,TEK,nan,Secreted Signaling
FAM19A4,TGFBR3,nan,Secreted Signaling
PLAUR,ITGB1_ITGA4,nan,Secreted Signaling
PLAUR,ITGAV_ITGB3,nan,Secreted Signaling
PTH2,PTH1R,nan,Secreted Signaling
COL10A1,ITGB1_ITGA10,nan,Secreted Signaling
COL10A1,ITGB1_ITGA11,nan,Secreted Signaling
COL10A1,ITGB1_ITGA1,nan,Secreted Signaling
COL10A1,ITGB1_ITGA2,nan,Secreted Signaling
NOTCH2,CNTN1,nan,Cell-Cell Contact
IL24,NOTCH2,nan,Secreted Signaling
NOTCH2,DLL4,nan,Cell-Cell Contact
NOTCH2,DLL3,nan,Cell-Cell Contact
NOTCH2,JAG2,nan,Cell-Cell Contact
COL14A1,ITGB1_ITGA10,nan,Secreted Signaling
COL14A1,ITGB1_ITGA11,nan,Secreted Signaling
COL14A1,ITGB1_ITGA1,nan,Secreted Signaling
COL14A1,ITGB1_ITGA2,nan,Secreted Signaling
GAS6,TYRO3,nan,Secreted Signaling
COL16A1,ITGB1_ITGA10,nan,Secreted Signaling
COL16A1,ITGB1_ITGA11,nan,Secreted Signaling
COL16A1,ITGB1_ITGA1,nan,Secreted Signaling
COL16A1,ITGB1_ITGA2,nan,Secreted Signaling
ERFE,LRP1,nan,Secreted Signaling
DSC1,DSG2,nan,Cell-Cell Contact
CD47,SIRPG,nan,Cell-Cell Contact
CD47,SIRPB1_TYROBP,nan,Cell-Cell Contact
GAS6,MERTK,nan,Secreted Signaling
IL16,GRIN2A,nan,Secreted Signaling
KLRB1,CLEC2D,nan,Cell-Cell Contact
IL24,ESR2,nan,Secreted Signaling
IL16,GRIN2B,nan,Secreted Signaling
UCN3,CRHR2,nan,Secreted Signaling
UCN2,CRHR2,nan,Secreted Signaling
PTPRS,NTRK3,nan,Cell-Cell Contact
MADCAM1,ITGB7_ITGA4,nan,Cell-Cell Contact
SEMA5A,PLXNB3,nan,Cell-Cell Contact
DDC,HTR4,nan,Secreted Signaling
IL16,GRIN2C,nan,Secreted Signaling
COL4A6,ITGB1_ITGA10,nan,Secreted Signaling
COL4A6,ITGB1_ITGA11,nan,Secreted Signaling
COL4A6,ITGB1_ITGA1,nan,Secreted Signaling
COL4A6,ITGB1_ITGA2,nan,Secreted Signaling
COL9A3,ITGB1_ITGA10,nan,Secreted Signaling
COL9A3,ITGB1_ITGA11,nan,Secreted Signaling
COL9A3,ITGB1_ITGA1,nan,Secreted Signaling
COL9A3,ITGB1_ITGA2,nan,Secreted Signaling
COL9A2,ITGB1_ITGA10,nan,Secreted Signaling
COL9A2,ITGB1_ITGA11,nan,Secreted Signaling
COL9A2,ITGB1_ITGA1,nan,Secreted Signaling
COL9A2,ITGB1_ITGA2,nan,Secreted Signaling
DSG2,DSC3,nan,Cell-Cell Contact
ICAM4,ITGB2_ITGAL,nan,Secreted Signaling
COL19A1,ITGB1_ITGA10,nan,Secreted Signaling
COL19A1,ITGB1_ITGA11,nan,Secreted Signaling
COL19A1,ITGB1_ITGA1,nan,Secreted Signaling
COL19A1,ITGB1_ITGA2,nan,Secreted Signaling
FAM3C,PDCD1,nan,Secreted Signaling
PDCD1LG2,PDCD1,nan,Secreted Signaling
PDCD1,CD274,nan,Cell-Cell Contact
NECTIN1,CADM3,nan,Cell-Cell Contact
NECTIN4,NECTIN1,nan,Secreted Signaling
NECTIN1,NECTIN3,nan,Cell-Cell Contact
NRG4,ERBB4,nan,Secreted Signaling
HBEGF,ERBB4,nan,Secreted Signaling
KISS1,KISS1R,nan,Secreted Signaling
ENHO,GPR19,nan,Secreted Signaling
CD226,NECTIN2,nan,Cell-Cell Contact
ADIPOQ,PROKR2,nan,Secreted Signaling
ADIPOQ,CD200R1,nan,Secreted Signaling
ADIPOQ,GPR152,nan,Secreted Signaling
ADIPOQ,CLEC2D,nan,Secreted Signaling
CCL17,ACKR1,nan,Secreted Signaling
NTN4,NTRK2,nan,Secreted Signaling
LAMA3,ITGB1_ITGA3,nan,Secreted Signaling
COL24A1,ITGB1_ITGA10,nan,Secreted Signaling
COL24A1,ITGB1_ITGA11,nan,Secreted Signaling
COL24A1,ITGB1_ITGA1,nan,Secreted Signaling
COL24A1,ITGB1_ITGA2,nan,Secreted Signaling
RSPO4,LGR4,nan,Secreted Signaling
RSPO4,LGR6,nan,Secreted Signaling
RSPO1,LGR4,nan,Secreted Signaling
RSPO1,LGR6,nan,Secreted Signaling
COL28A1,ITGB1_ITGA10,nan,Secreted Signaling
COL28A1,ITGB1_ITGA11,nan,Secreted Signaling
COL28A1,ITGB1_ITGA1,nan,Secreted Signaling
COL28A1,ITGB1_ITGA2,nan,Secreted Signaling
TIGIT,NECTIN2,nan,Cell-Cell Contact
TIGIT,NECTIN3,nan,Cell-Cell Contact
NMS,NMUR2,nan,Secreted Signaling
NMS,NMUR1,nan,Secreted Signaling
TREML2,CD276,nan,Cell-Cell Contact
ARTN,RET_GFRA1,nan,Secreted Signaling
ARTN,RET_GFRA3,nan,Secreted Signaling
COL13A1,ITGB1_ITGA10,nan,Cell-Cell Contact
COL13A1,ITGB1_ITGA11,nan,Cell-Cell Contact
COL13A1,ITGB1_ITGA1,nan,Cell-Cell Contact
COL13A1,ITGB1_ITGA2,nan,Cell-Cell Contact
LAIR1,LILRB4,nan,Cell-Cell Contact
CSPG4,ITGB1_ITGA3,nan,Cell-Cell Contact
IGFL1,IGFLR1,nan,Secreted Signaling
C10orf99,SUSD2,nan,Secreted Signaling
IGFL2,IGFLR1,nan,Secreted Signaling
VSTM1,ADGRG3,nan,Secreted Signaling
IGFL3,IGFLR1,nan,Secreted Signaling
CXCL17,GPR35,nan,Secreted Signaling
GDF15,GFRAL,nan,Secreted Signaling
RSPO2,LGR4,nan,Secreted Signaling
RSPO2,LGR6,nan,Secreted Signaling
NTN4,UNC5D,nan,Secreted Signaling
DDC,HTR3D,nan,Secreted Signaling
UTS2B,UTS2R,nan,Secreted Signaling
ADM2,CALCRL_RAMP2,nan,Secreted Signaling
ADM2,RAMP3_CALCRL_GPER1,nan,Secreted Signaling
BTLA,TNFRSF14,nan,Cell-Cell Contact
IFNE,ADGRV1,nan,Secreted Signaling
IFNE,IFNAR1_IFNAR2,nan,Secreted Signaling
IFNL1,IL10RB_IFNLR1,nan,Secreted Signaling
COL27A1,ITGB1_ITGA10,nan,Secreted Signaling
COL27A1,ITGB1_ITGA11,nan,Secreted Signaling
COL27A1,ITGB1_ITGA1,nan,Secreted Signaling
COL27A1,ITGB1_ITGA2,nan,Secreted Signaling
FAM3C,ADGRG5,nan,Secreted Signaling
IFNL3,IL10RB_IFNLR1,nan,Secreted Signaling
IFNL2,IL10RB_IFNLR1,nan,Secreted Signaling
NTN4,UNC5B,nan,Secreted Signaling
CADM3,CADM4,nan,Cell-Cell Contact
CADM3,CADM1,nan,Cell-Cell Contact
CADM3,NECTIN3,nan,Cell-Cell Contact
PROK2,PROKR2,nan,Secreted Signaling
COL22A1,ITGB1_ITGA10,nan,Secreted Signaling
COL22A1,ITGB1_ITGA11,nan,Secreted Signaling
COL22A1,ITGB1_ITGA1,nan,Secreted Signaling
COL22A1,ITGB1_ITGA2,nan,Secreted Signaling
CCL4L2,GPR152,nan,Secreted Signaling
CCL4L2,GPR101,nan,Secreted Signaling
CCL4L2,VSIR,nan,Secreted Signaling
PROK2,PROKR1,nan,Secreted Signaling
RLN3,RXFP4,nan,Secreted Signaling
INSL5,RXFP4,nan,Secreted Signaling
DDC,HTR3C,nan,Secreted Signaling
RLN3,RXFP2,nan,Secreted Signaling
RLN3,RXFP1,nan,Secreted Signaling
RLN3,RXFP3,nan,Secreted Signaling
CLEC2B,KLRF1,nan,Cell-Cell Contact
FAM3C,CLEC2D,nan,Secreted Signaling
FAM19A4,SORL1,nan,Secreted Signaling
NECTIN2,NECTIN3,nan,Cell-Cell Contact
FAM19A4,PTPRU,nan,Secreted Signaling
CLCF1,ESR2,nan,Secreted Signaling
ALDH1A1,RORB,nan,Secreted Signaling
ALDH1A2,RORB,nan,Secreted Signaling
ALDH1A3,RORB,nan,Secreted Signaling
EDA,EDA2R,nan,Secreted Signaling
EDA,EDAR,nan,Secreted Signaling
LEAP2,GHSR,nan,Secreted Signaling
GHRL,GHSR,nan,Secreted Signaling
TSLP,IL7R_CRLF2,nan,Secreted Signaling
COL26A1,ITGB1_ITGA10,nan,Secreted Signaling
COL26A1,ITGB1_ITGA11,nan,Secreted Signaling
COL26A1,ITGB1_ITGA1,nan,Secreted Signaling
COL26A1,ITGB1_ITGA2,nan,Secreted Signaling
ESAM,ESAM,nan,Cell-Cell Contact
FAM19A4,MRC2,nan,Secreted Signaling
NELL2,ROBO3,nan,Secreted Signaling
COL21A1,ITGB1_ITGA10,nan,Secreted Signaling
COL21A1,ITGB1_ITGA11,nan,Secreted Signaling
COL21A1,ITGB1_ITGA1,nan,Secreted Signaling
COL21A1,ITGB1_ITGA2,nan,Secreted Signaling
SCGB3A1,MARCO,nan,Secreted Signaling
SCGB3A1,NOTCH3,nan,Secreted Signaling
TNFSF13B,TNFRSF13C,nan,Secreted Signaling
NOTCH4,DLL4,nan,Cell-Cell Contact
NOTCH4,DLL3,nan,Cell-Cell Contact
NOTCH4,JAG2,nan,Cell-Cell Contact
COL12A1,ITGB1_ITGA10,nan,Secreted Signaling
COL12A1,ITGB1_ITGA11,nan,Secreted Signaling
COL12A1,ITGB1_ITGA1,nan,Secreted Signaling
COL12A1,ITGB1_ITGA2,nan,Secreted Signaling
CCL19,ACKR4,nan,Secreted Signaling
NRTN,RET_GFRA2,nan,Secreted Signaling
RARRES2,CMKLR1,nan,Secreted Signaling
OMD,ITGAV_ITGB3,nan,Secreted Signaling
JAM3,JAM3,nan,Cell-Cell Contact
JAM3,ITGB2_ITGAM,nan,Secreted Signaling
RSPO3,LGR4,nan,Secreted Signaling
RSPO3,LGR6,nan,Secreted Signaling
CADM1,CADM1,nan,Cell-Cell Contact
CADM1,NECTIN3,nan,Cell-Cell Contact
GHRL,ACE2,nan,Secreted Signaling
NPVF,NPFFR1,nan,Secreted Signaling
SEMA4A,PLXND1,nan,Cell-Cell Contact
CRLF2,IL7R_CRLF2,nan,Secreted Signaling
DLL4,NOTCH3,nan,Cell-Cell Contact
INSL5,RXFP3,nan,Secreted Signaling
DLL3,NOTCH3,nan,Cell-Cell Contact
IL37,IL1RAPL1,nan,Secreted Signaling
IFNK,IFNAR1_IFNAR2,nan,Secreted Signaling
COL20A1,ITGB1_ITGA10,nan,Secreted Signaling
COL20A1,ITGB1_ITGA11,nan,Secreted Signaling
COL20A1,ITGB1_ITGA1,nan,Secreted Signaling
COL20A1,ITGB1_ITGA2,nan,Secreted Signaling
CDH7,CDH7,nan,Cell-Cell Contact
NOTCH3,JAG2,nan,Cell-Cell Contact
COL17A1,ITGB1_ITGA10,nan,Secreted Signaling
COL17A1,ITGB1_ITGA11,nan,Secreted Signaling
COL17A1,ITGB1_ITGA1,nan,Secreted Signaling
COL17A1,ITGB1_ITGA2,nan,Secreted Signaling
TNFSF18,TNFRSF18,nan,Secreted Signaling
F11R,ITGB2_ITGAL,nan,Cell-Cell Contact
ALDH1A1,RARA_CRABP2,nan,Secreted Signaling
ALDH1A2,RARA_CRABP2,nan,Secreted Signaling
ALDH1A3,RARA_CRABP2,nan,Secreted Signaling
ALDH1A1,RARA_RXRA_CRABP2,nan,Secreted Signaling
ALDH1A2,RARA_RXRA_CRABP2,nan,Secreted Signaling
ALDH1A3,RARA_RXRA_CRABP2,nan,Secreted Signaling
ALDH1A1,RARB_CRABP2,nan,Secreted Signaling
ALDH1A2,RARB_CRABP2,nan,Secreted Signaling
ALDH1A3,RARB_CRABP2,nan,Secreted Signaling
ALDH1A1,RARB_RXRB_CRABP2,nan,Secreted Signaling
ALDH1A2,RARB_RXRB_CRABP2,nan,Secreted Signaling
ALDH1A3,RARB_RXRB_CRABP2,nan,Secreted Signaling
ALDH1A1,RARG_CRABP2,nan,Secreted Signaling
ALDH1A2,RARG_CRABP2,nan,Secreted Signaling
ALDH1A3,RARG_CRABP2,nan,Secreted Signaling
ALDH1A1,RARG_RXRG_CRABP2,nan,Secreted Signaling
ALDH1A2,RARG_RXRG_CRABP2,nan,Secreted Signaling
ALDH1A3,RARG_RXRG_CRABP2,nan,Secreted Signaling
ALDH1A1,RXRA_CRABP2,nan,Secreted Signaling
ALDH1A2,RXRA_CRABP2,nan,Secreted Signaling
ALDH1A3,RXRA_CRABP2,nan,Secreted Signaling
ALDH1A1,RXRB_CRABP2,nan,Secreted Signaling
ALDH1A2,RXRB_CRABP2,nan,Secreted Signaling
ALDH1A3,RXRB_CRABP2,nan,Secreted Signaling
ALDH1A1,RXRG_CRABP2,nan,Secreted Signaling
ALDH1A2,RXRG_CRABP2,nan,Secreted Signaling
ALDH1A3,RXRG_CRABP2,nan,Secreted Signaling
